image_path,image_name,detection_conf,plate_text,ocr_confidence,x_min,y_min,x_max,y_max,width,height
./input/Car_Number_Plate\1.jfif,1.jfif,0.999467134475708,MH14 FS 6260,0.513672261918556,935,565,1245,640,310,75
./input/Car_Number_Plate\10.jpg,10.jpg,0.9839234352111816,JINd DL12CC7927,0.6058472291098547,480,590,840,680,360,90
./input/Car_Number_Plate\10.png,10.png,0.9959111213684082,ZOOMN65,0.899142120621512,250,210,530,325,280,115
./input/Car_Number_Plate\14.png,14.png,0.9477746486663818,Wa ENNESSEE NITESKY,0.8226808844481935,625,660,830,770,205,110
./input/Car_Number_Plate\15.jpg,15.jpg,0.9991807341575623,Không nhận diện,0.0,230,350,400,410,170,60
./input/Car_Number_Plate\17 (1).jpg,17 (1).jpg,0.7910926938056946,UP3? CI 8469,0.3161315931750664,200,240,370,285,170,45
./input/Car_Number_Plate\2.jfif,2.jfif,0.9959011077880859,MH14 FS 6260,0.7888007154649117,610,560,940,635,330,75
./input/Car_Number_Plate\20121005_125.jpg,20121005_125.jpg,0.999607503414154,KA 999 29 IND,0.8729351630730496,890,750,1650,975,760,225
./input/Car_Number_Plate\20200222_164415.jpg,20200222_164415.jpg,0.9810863137245178,MH.O4.BY.3645,0.6406542062435707,735,2495,1535,2705,800,210
./input/Car_Number_Plate\20200222_164536.jpg,20200222_164536.jpg,0.9994621276855469,MH.46.P6924 HALLMARK HONDA PH : 71255000,0.8792484732963928,695,2860,1930,3205,1235,345
./input/Car_Number_Plate\20200222_164610.jpg,20200222_164610.jpg,0.9997375011444092,MH 43 X 2831,0.9274995802216234,485,1490,1000,1605,515,115
./input/Car_Number_Plate\20200222_164619.jpg,20200222_164619.jpg,0.9992884397506714,MH.05.CV.1640,0.32522944246075136,630,1555,1135,1685,505,130
./input/Car_Number_Plate\20200222_164649.jpg,20200222_164649.jpg,0.9987689852714539,MH 02 CB 5028 auto aRt,0.808763905265342,1020,2190,1595,2335,575,145
./input/Car_Number_Plate\20200222_164659.jpg,20200222_164659.jpg,0.9977187514305115,MH.O1.AC.7791,0.6260971084963026,535,1555,880,1640,345,85
./input/Car_Number_Plate\20200222_164707.jpg,20200222_164707.jpg,0.6025204658508301,MHOLAC.7791,0.5283145764369627,835,2490,1865,2710,1030,220
./input/Car_Number_Plate\20200222_164721.jpg,20200222_164721.jpg,0.9997621774673462,IND,0.9711761887125474,935,3050,2000,3315,1065,265
./input/Car_Number_Plate\20200222_164741.jpg,20200222_164741.jpg,0.9997310042381287,IND MH 03 CS 0378,0.9429489983979048,850,2430,1795,2680,945,250
./input/Car_Number_Plate\20200222_164802.jpg,20200222_164802.jpg,0.939885675907135,MH 43 BE 3430,0.8767508422563799,1015,2680,1960,2875,945,195
./input/Car_Number_Plate\20200222_164832.jpg,20200222_164832.jpg,0.9974192976951599,MH A 46 802,0.9937384432223053,370,2245,1065,2435,695,190
./input/Car_Number_Plate\20200222_164842.jpg,20200222_164842.jpg,0.9977751970291138,MH 43AR 2060,0.8264878604325681,675,1920,1110,2035,435,115
./input/Car_Number_Plate\20200222_164851.jpg,20200222_164851.jpg,0.9994959235191345,MH. 43.BN.6581,0.5822052597899151,455,2225,1140,2365,685,140
./input/Car_Number_Plate\20200222_164900.jpg,20200222_164900.jpg,0.9964832067489624,MH.43.D.9740 Global Gallarie Group  1800 1212 44,0.5048796255232468,505,1580,1085,1735,580,155
./input/Car_Number_Plate\20200222_164938.jpg,20200222_164938.jpg,0.9998153448104858,INDI HR104B3784,0.753076634162835,435,1895,1170,2055,735,160
./input/Car_Number_Plate\20200222_164948.jpg,20200222_164948.jpg,0.9998432397842407,ND MH 46 X 3802,0.838104189968003,580,1575,1175,1750,595,175
./input/Car_Number_Plate\20200222_164957.jpg,20200222_164957.jpg,0.9969419240951538,Jind MH 43 BK 9282,0.6832059638708288,340,1525,1010,1675,670,150
./input/Car_Number_Plate\20200222_165025.jpg,20200222_165025.jpg,0.9953523874282837,MH 01 Ac 3178,0.7340753680427806,795,2685,1750,2885,955,200
./input/Car_Number_Plate\20200222_165049.jpg,20200222_165049.jpg,0.9953716993331909,MH 43 BE 0112,0.8841226814131683,890,2645,1890,2840,1000,195
./input/Car_Number_Plate\20200222_165110.jpg,20200222_165110.jpg,0.9905011057853699,MHO5BL1659 AUTOVISTA 65999111-15,0.9100094975223922,460,1655,1020,1790,560,135
./input/Car_Number_Plate\20200222_165125.jpg,20200222_165125.jpg,0.9985767006874084,Không nhận diện,0.0,920,2855,1745,3055,825,200
./input/Car_Number_Plate\20200222_165152.jpg,20200222_165152.jpg,0.9997990131378174,JIND HH 46 AP 8611,0.47817423656187047,835,2465,1775,2730,940,265
./input/Car_Number_Plate\20200222_165204.jpg,20200222_165204.jpg,0.8546788692474365,MH 04 CJ 1049,0.8984499089673992,1205,2470,1690,2710,485,240
./input/Car_Number_Plate\20200222_165228.jpg,20200222_165228.jpg,0.9998921155929565,MH 43 AT 8022,0.8679696509609796,495,1765,1065,1895,570,130
./input/Car_Number_Plate\20200222_165316.jpg,20200222_165316.jpg,0.9892948269844055,MH a3 X 3700,0.6487889488631448,430,1830,1010,1960,580,130
./input/Car_Number_Plate\20200222_165343.jpg,20200222_165343.jpg,0.9996899962425232,MH 02 CL 3020 ShivaM AUTOZONE 410 99999,0.8152305181323921,450,1535,1000,1670,550,135
./input/Car_Number_Plate\20200222_165402.jpg,20200222_165402.jpg,0.9772146344184875,MH43 AB 4334,0.8698603995342375,480,1255,1110,1400,630,145
./input/Car_Number_Plate\20200222_165404.jpg,20200222_165404.jpg,0.9899455308914185,MH43 AB 4334,0.9802365686532366,400,1390,1065,1535,665,145
./input/Car_Number_Plate\20200222_165423.jpg,20200222_165423.jpg,0.9983440637588501,8261,0.9449524283409119,435,2075,950,2235,515,160
./input/Car_Number_Plate\20200222_165436.jpg,20200222_165436.jpg,0.9996595978736877,Mh 43 BK 5376,0.7199869346372356,345,2155,880,2315,535,160
./input/Car_Number_Plate\20200222_165535.jpg,20200222_165535.jpg,0.9977582097053528,IH02 .BJ3640,0.5027394032579477,280,1910,820,2080,540,170
./input/Car_Number_Plate\20200222_165554.jpg,20200222_165554.jpg,0.9998209476470947,JIND MH 43 AN6429,0.6258328545078875,475,1640,950,1775,475,135
./input/Car_Number_Plate\20200222_165603.jpg,20200222_165603.jpg,0.9995690584182739,@tozAUTOWOBKS JH 12 EM 8473,0.7305354861269622,470,1375,975,1515,505,140
./input/Car_Number_Plate\20200222_165624.jpg,20200222_165624.jpg,0.9994121789932251,JD,0.36677932306035554,555,1500,1090,1635,535,135
./input/Car_Number_Plate\20200222_165640.jpg,20200222_165640.jpg,0.9945076704025269,GJ Jh2653 05,0.837297082824946,420,2040,935,2140,515,100
./input/Car_Number_Plate\20200222_165652.jpg,20200222_165652.jpg,0.9987940788269043,MH 46 AL 6021,0.8307193172020679,400,1675,1005,1840,605,165
./input/Car_Number_Plate\20200222_165848.jpg,20200222_165848.jpg,0.9992297887802124,MH 43 86 3199,0.46929256948211234,1140,2865,1940,3065,800,200
./input/Car_Number_Plate\20200222_165906.jpg,20200222_165906.jpg,0.986446738243103,MH.43.X.3940,0.9741737335139187,760,3405,1675,3585,915,180
./input/Car_Number_Plate\20200222_165932.jpg,20200222_165932.jpg,0.9991210699081421,VD,0.47070398343657777,830,3565,1685,3800,855,235
./input/Car_Number_Plate\20200222_165948.jpg,20200222_165948.jpg,0.9987542033195496,MHZ3BE6244,0.6255202053607813,885,2890,1675,3090,790,200
./input/Car_Number_Plate\20200222_170025.jpg,20200222_170025.jpg,0.9994173049926758,MH.43.BE.5103,0.9144007258654397,525,1535,995,1650,470,115
./input/Car_Number_Plate\20200222_170100.jpg,20200222_170100.jpg,0.9938335418701172,IND 'HP50C2378,0.7089161483768993,455,1855,895,1965,440,110
./input/Car_Number_Plate\20200222_170125.jpg,20200222_170125.jpg,0.9706805348396301,MH503111,0.7332890925234528,480,1575,1010,1690,530,115
./input/Car_Number_Plate\20200222_170208.jpg,20200222_170208.jpg,0.9988210201263428,Không nhận diện,0.0,590,1895,1180,2100,590,205
./input/Car_Number_Plate\20200222_170233.jpg,20200222_170233.jpg,0.9995209574699402,MH 43 AT 7491 Gallarie Global,0.7958631752267575,455,1600,1010,1740,555,140
./input/Car_Number_Plate\20200222_172010.jpg,20200222_172010.jpg,0.9973448514938354,MHỎ5CM3013,0.6463247146025927,540,1465,1040,1595,500,130
./input/Car_Number_Plate\20200222_172019.jpg,20200222_172019.jpg,0.9995396733283997,Không nhận diện,0.0,485,1365,1130,1535,645,170
./input/Car_Number_Plate\20200222_172025.jpg,20200222_172025.jpg,0.9984772801399231,MH 46 W 9678,0.9861172071135378,385,1880,980,1985,595,105
./input/Car_Number_Plate\20200222_172030.jpg,20200222_172030.jpg,0.9795289635658264,IND KHZGBH1903,0.724111513839057,500,1560,1040,1710,540,150
./input/Car_Number_Plate\20200222_172039(1).jpg,20200222_172039(1).jpg,0.9997374415397644,MH 43 R 9362,0.9027450924854241,635,1495,1090,1630,455,135
./input/Car_Number_Plate\20200222_172039.jpg,20200222_172039.jpg,0.9997374415397644,MH 43 R 9362,0.9027450924854241,635,1495,1090,1630,455,135
./input/Car_Number_Plate\20200222_172047.jpg,20200222_172047.jpg,0.8363590240478516,MH02E22338,0.5639839694239946,550,1850,1065,1950,515,100
./input/Car_Number_Plate\20200222_172056.jpg,20200222_172056.jpg,0.9906184077262878,MH 47 INO 4761,0.7530304677765244,520,1890,1025,1995,505,105
./input/Car_Number_Plate\20200222_172106.jpg,20200222_172106.jpg,0.9796563982963562,46 AL 5532,0.8118088338057632,490,1490,1035,1600,545,110
./input/Car_Number_Plate\20200222_172118.jpg,20200222_172118.jpg,0.9997676014900208,MHOIDB 5157,0.6295830861469508,535,1350,1095,1495,560,145
./input/Car_Number_Plate\20200222_172142.jpg,20200222_172142.jpg,0.9989827871322632,MH43at7457,0.6100878593360735,520,1565,1000,1700,480,135
./input/Car_Number_Plate\20200222_172147.jpg,20200222_172147.jpg,0.9938430786132812,MH.05.CM.6645,0.9805941252542377,440,1490,980,1600,540,110
./input/Car_Number_Plate\20200222_173728.jpg,20200222_173728.jpg,0.9990141987800598,INo KH 46 H8313,0.45096536819734423,425,1590,900,1730,475,140
./input/Car_Number_Plate\20200222_173734.jpg,20200222_173734.jpg,0.9996615648269653,MH 43 AN 0630,0.9820560813319693,600,1545,1120,1675,520,130
./input/Car_Number_Plate\20200222_173803.jpg,20200222_173803.jpg,0.6253100037574768,"Mh *06 As ""752",0.5928748892334048,510,1405,1030,1510,520,105
./input/Car_Number_Plate\20200222_173808.jpg,20200222_173808.jpg,0.9992817044258118,MHZ3AN9329,0.7557160813896768,560,1845,1130,1965,570,120
./input/Car_Number_Plate\20200222_173813.jpg,20200222_173813.jpg,0.9958513379096985,HH 23 BN 5215,0.6328599229162317,590,1485,1135,1590,545,105
./input/Car_Number_Plate\20200222_173819.jpg,20200222_173819.jpg,0.9131200313568115,MH 43 AB2668,0.5326104297898284,605,1485,1130,1590,525,105
./input/Car_Number_Plate\20200222_173823.jpg,20200222_173823.jpg,0.6729446649551392,MH46 BA 7163,0.9543470138080994,590,1450,1075,1565,485,115
./input/Car_Number_Plate\20200222_173829.jpg,20200222_173829.jpg,0.9997314810752869,JD MHo6AF3269,0.8024613385504501,605,1345,1130,1490,525,145
./input/Car_Number_Plate\20200222_173835.jpg,20200222_173835.jpg,0.43055787682533264,MH 23 AN 2490,0.7404487920589732,565,1455,1130,1575,565,120
./input/Car_Number_Plate\20200222_173841.jpg,20200222_173841.jpg,0.9087633490562439,MH 43 BN 3502,0.835188988086403,565,1800,1130,1915,565,115
./input/Car_Number_Plate\20200222_174014.jpg,20200222_174014.jpg,0.9989230036735535,InD,0.429117742200203,555,1500,1065,1635,510,135
./input/Car_Number_Plate\20200222_174018.jpg,20200222_174018.jpg,0.9988245964050293,MH-01' AH' 6345,0.5365139710619607,455,1395,1015,1525,560,130
./input/Car_Number_Plate\20200222_174025.jpg,20200222_174025.jpg,0.9994065761566162,MH 46 2 5922 HALLMARK HOND,0.832531364173887,500,1460,1025,1600,525,140
./input/Car_Number_Plate\20200222_174032.jpg,20200222_174032.jpg,0.9997000098228455,MH 04 BY 1005,0.9305098108968834,490,1715,1030,1855,540,140
./input/Car_Number_Plate\20200222_174109.jpg,20200222_174109.jpg,0.9659263491630554,MH 46 A 0997,0.9977620205998865,435,1745,1055,1850,620,105
./input/Car_Number_Plate\20200222_174114.jpg,20200222_174114.jpg,0.9994820356369019,JH 06AL1I88,0.3991730212045074,465,1385,1010,1530,545,145
./input/Car_Number_Plate\20200222_174119.jpg,20200222_174119.jpg,0.9920864105224609,MH.03.AR.9181,0.6061219711570972,445,1435,965,1565,520,130
./input/Car_Number_Plate\20200222_174125.jpg,20200222_174125.jpg,0.9998606443405151,JHH 43 BU 7200,0.3774618057701681,475,1370,1050,1530,575,160
./input/Car_Number_Plate\20200222_174133.jpg,20200222_174133.jpg,0.9999594688415527,IND MHOsCY7727,0.6751706897545849,545,1405,1120,1560,575,155
./input/Car_Number_Plate\20200222_174143.jpg,20200222_174143.jpg,0.9978340268135071,MH 43 AR 3892,0.8737641871750832,505,1825,1105,1955,600,130
./input/Car_Number_Plate\20200222_174148.jpg,20200222_174148.jpg,0.9905445575714111,IND KA 47M7459,0.6345619526908701,550,1605,1015,1715,465,110
./input/Car_Number_Plate\20200222_174159.jpg,20200222_174159.jpg,0.9984306693077087,GJ.16AP7952,0.868901472531671,485,1310,1005,1440,520,130
./input/Car_Number_Plate\20200222_174219.jpg,20200222_174219.jpg,0.9998658895492554,MH *43 AT 6189 HALLMARk HONDA PH 7] 255000,0.5003511982596093,485,1375,940,1500,455,125
./input/Car_Number_Plate\20200222_205128.jpg,20200222_205128.jpg,0.9888532161712646,Mh 43 AB 5286,0.37923756926434266,945,2805,2085,3055,1140,250
./input/Car_Number_Plate\20200222_205330.jpg,20200222_205330.jpg,0.9994955062866211,MH 02 DJ 5495 9824244423,0.8522770079963067,1055,2010,1970,2205,915,195
./input/Car_Number_Plate\20200222_205340.jpg,20200222_205340.jpg,0.9978959560394287,JH 01 U 4263,0.9054331049948813,1385,2440,1850,2560,465,120
./input/Car_Number_Plate\20200222_205426.jpg,20200222_205426.jpg,0.9993734955787659,IND CHO 1AF0509,0.6980349671590719,1545,1505,2575,1770,1030,265
./input/Car_Number_Plate\20200222_205436.jpg,20200222_205436.jpg,0.9945874214172363,CH'04 E 7466,0.8071769884317621,1390,1570,2530,1800,1140,230
./input/Car_Number_Plate\21.jpg,21.jpg,0.4525793790817261,WWW.TEAM-BHPCOM,0.9946871626562852,470,455,730,485,260,30
./input/Car_Number_Plate\26.JPG,26.JPG,0.9998899698257446,IND DL12CJ7768,0.980509154066173,1535,1970,2375,2180,840,210
./input/Car_Number_Plate\6.jpg,6.jpg,0.9983395934104919,SRK 2019,0.998356555723137,705,520,905,580,200,60
./input/Car_Number_Plate\7 (1).jpg,7 (1).jpg,0.7516739368438721,KL54-A 2670,0.6430634043212322,245,340,385,370,140,30
./input/Car_Number_Plate\7.jpg,7.jpg,0.9990542531013489,HP 5157,0.8102731584669511,285,530,460,595,175,65
./input/Car_Number_Plate\8.jpg,8.jpg,0.9992665648460388,MH43AJ5887],0.6034433299772178,580,365,735,405,155,40
./input/Car_Number_Plate\ansh12.jpg,ansh12.jpg,0.7910926938056946,UP3? CI 8469,0.3161315931750664,200,240,370,285,170,45
./input/Car_Number_Plate\black-font-car-number-plate-500x500.jpg,black-font-car-number-plate-500x500.jpg,0.4710814654827118,ckh13479/56,0.38578517830507275,175,270,300,295,125,25
./input/Car_Number_Plate\car-glasses-500x500.jpg,car-glasses-500x500.jpg,0.9972876906394958,KH12E68397,0.7326189065950841,100,365,240,400,140,35
./input/Car_Number_Plate\honda-jazz-rear-left-rim.jpg,honda-jazz-rear-left-rim.jpg,0.8104649782180786,UP78 DZ 14651,0.7010734724216267,385,360,695,425,310,65
./input/Car_Number_Plate\hyundai-santro-xing-front-left-rim (1).jpg,hyundai-santro-xing-front-left-rim (1).jpg,0.9998756647109985,PB22K 9130,0.9870197687168363,400,480,680,560,280,80
./input/Car_Number_Plate\hyundai-santro-xing-front-left-rim.jpg,hyundai-santro-xing-front-left-rim.jpg,0.9987719655036926,TN-02-AB-2301,0.9913411455313856,365,545,665,630,300,85
./input/Car_Number_Plate\hyundai-santro-xing-rear-left-rim (1).jpg,hyundai-santro-xing-rear-left-rim (1).jpg,0.8844687938690186,KA 05 MD 5255,0.7682447102617709,470,645,645,735,175,90
./input/Car_Number_Plate\hyundai-santro-xing-rear-left-rim.jpg,hyundai-santro-xing-rear-left-rim.jpg,0.8844687938690186,KA 05 MD 5255,0.7682447102617709,470,645,645,735,175,90
./input/Car_Number_Plate\IMdhG_0351.JPG,IMdhG_0351.JPG,0.9981124401092529,MHO4 EX 5689,0.9120704671863189,445,680,1035,790,590,110
./input/Car_Number_Plate\IMG-20200222-WA0005.jpg,IMG-20200222-WA0005.jpg,0.9985029697418213,MH 06 AN 6297,0.9246666552484737,355,580,670,655,315,75
./input/Car_Number_Plate\IMG-20200222-WA0009.jpg,IMG-20200222-WA0009.jpg,0.9902254343032837,MH 43 AJ 6485,0.9782687985785843,310,805,680,870,370,65
./input/Car_Number_Plate\IMG-20200222-WA0010.jpg,IMG-20200222-WA0010.jpg,0.9997325539588928,MH. 43.AJ.0770,0.6199335152411224,255,445,505,495,250,50
./input/Car_Number_Plate\IMG-20200222-WA0011.jpg,IMG-20200222-WA0011.jpg,0.9967813491821289,Mh 0i Cd 5980,0.48410763857895933,340,630,665,685,325,55
./input/Car_Number_Plate\IMG-20200222-WA0012.jpg,IMG-20200222-WA0012.jpg,0.526738703250885,MA 43 AW   1293,0.4306644053243909,305,580,675,620,370,40
./input/Car_Number_Plate\IMG-20200222-WA0013.jpg,IMG-20200222-WA0013.jpg,0.9995858669281006,MH 43.V. 5781,0.7281520597047006,315,675,615,740,300,65
./input/Car_Number_Plate\IMG-20200222-WA0014(1).jpg,IMG-20200222-WA0014(1).jpg,0.9985345602035522,62 1484 BJ MH G,0.680849367039943,380,700,725,815,345,115
./input/Car_Number_Plate\IMG-20200222-WA0014.jpg,IMG-20200222-WA0014.jpg,0.8458710312843323,MHO1B68247,0.6574066335866409,320,645,660,685,340,40
./input/Car_Number_Plate\IMG-20200222-WA0015(1).jpg,IMG-20200222-WA0015(1).jpg,0.9711841344833374,Không nhận diện,0.0,270,955,645,1050,375,95
./input/Car_Number_Plate\IMG-20200222-WA0015(2).jpg,IMG-20200222-WA0015(2).jpg,0.9711841344833374,Không nhận diện,0.0,270,955,645,1050,375,95
./input/Car_Number_Plate\IMG-20200222-WA0015(3).jpg,IMG-20200222-WA0015(3).jpg,0.9994148015975952,MH.43.AJ.0770,0.7331253959295132,345,680,570,735,225,55
./input/Car_Number_Plate\IMG-20200222-WA0015.jpg,IMG-20200222-WA0015.jpg,0.9315254092216492,MH-12-MR-6333,0.6604788799145159,255,705,640,770,385,65
./input/Car_Number_Plate\IMG-20200222-WA0016.jpg,IMG-20200222-WA0016.jpg,0.9989038705825806,HH 43BN3019],0.3431484066421932,240,685,555,750,315,65
./input/Car_Number_Plate\IMG-20200222-WA0017.jpg,IMG-20200222-WA0017.jpg,0.8138625621795654,Không nhận diện,0.0,295,645,660,710,365,65
./input/Car_Number_Plate\IMG-20200222-WA0018(1).jpg,IMG-20200222-WA0018(1).jpg,0.9956662654876709,MH 43 AJ 3538 450024467,0.7139356203685208,325,955,755,1030,430,75
./input/Car_Number_Plate\IMG-20200222-WA0018.jpg,IMG-20200222-WA0018.jpg,0.9964458346366882,BROTATZ503,0.3791968287608384,315,785,535,845,220,60
./input/Car_Number_Plate\IMG-20200222-WA0019.jpg,IMG-20200222-WA0019.jpg,0.7269580960273743,'H.O4.AP.960,0.3736538523494751,360,820,565,860,205,40
./input/Car_Number_Plate\IMG-20200222-WA0020(1).jpg,IMG-20200222-WA0020(1).jpg,0.9992675185203552,MHO2E21392,0.5290870888571845,335,715,685,800,350,85
./input/Car_Number_Plate\IMG-20200222-WA0021.jpg,IMG-20200222-WA0021.jpg,0.9998066425323486,[MH 43 AWO463,0.5189864553204813,355,620,620,675,265,55
./input/Car_Number_Plate\IMG-20200222-WA0022.jpg,IMG-20200222-WA0022.jpg,0.9990726113319397,MHZ3BN8715,0.7330705999795866,360,525,565,575,205,50
./input/Car_Number_Plate\IMG-20200222-WA0023.jpg,IMG-20200222-WA0023.jpg,0.9996997117996216,IMHO 1BU7250,0.44430412402795244,420,605,620,645,200,40
./input/Car_Number_Plate\IMG-20200222-WA0024(1).jpg,IMG-20200222-WA0024(1).jpg,0.9323301315307617,MHOGEE2424|,0.4364832943427874,245,710,575,785,330,75
./input/Car_Number_Plate\IMG-20200222-WA0024.jpg,IMG-20200222-WA0024.jpg,0.8421179056167603,MH.43.BE.4984,0.8519126452204576,300,685,605,735,305,50
./input/Car_Number_Plate\IMG-20200222-WA0025(2).jpg,IMG-20200222-WA0025(2).jpg,0.9994148015975952,MH.43.AJ.0770,0.7331253959295132,345,680,570,735,225,55
./input/Car_Number_Plate\IMG-20200222-WA0025.jpg,IMG-20200222-WA0025.jpg,0.9978838562965393,MH43 AW9905,0.6735758088400832,315,695,560,750,245,55
./input/Car_Number_Plate\IMG-20200222-WA0026.jpg,IMG-20200222-WA0026.jpg,0.9993652701377869,MK 43 BN 1560,0.8299504770623187,315,795,640,875,325,80
./input/Car_Number_Plate\IMG-20200222-WA0027.jpg,IMG-20200222-WA0027.jpg,0.9869033694267273,MH14 DT.0378,0.431849342564257,485,555,785,630,300,75
./input/Car_Number_Plate\IMG-20200222-WA0029.jpg,IMG-20200222-WA0029.jpg,0.9978747963905334,'HHZ3BN7OZ8,0.6147029195984001,410,590,600,630,190,40
./input/Car_Number_Plate\IMG-20200222-WA0032.jpg,IMG-20200222-WA0032.jpg,0.9974596500396729,MH.43.L.2454,0.7357476084161103,315,720,645,780,330,60
./input/Car_Number_Plate\IMG-20200222-WA0033.jpg,IMG-20200222-WA0033.jpg,0.9489496350288391,MH43 AT 1471,0.9711158258739447,345,540,615,590,270,50
./input/Car_Number_Plate\IMG-20200222-WA0035.jpg,IMG-20200222-WA0035.jpg,0.9997122883796692,MHO1DK6198,0.64917935233916,355,620,545,665,190,45
./input/Car_Number_Plate\IMG-20200222-WA0036.jpg,IMG-20200222-WA0036.jpg,0.9989303946495056,MH 43AJ.6563 RRUTOMOTIVE,0.7222770548470816,315,700,635,770,320,70
./input/Car_Number_Plate\IMG-20200222-WA0038.jpg,IMG-20200222-WA0038.jpg,0.9997540712356567,Không nhận diện,0.0,285,685,635,770,350,85
./input/Car_Number_Plate\IMG-20200222-WA0039.jpg,IMG-20200222-WA0039.jpg,0.9994528293609619,IND MHZ3BN7506],0.7511053555107301,230,735,540,805,310,70
./input/Car_Number_Plate\IMG-20200222-WA0040.jpg,IMG-20200222-WA0040.jpg,0.9941404461860657,IND,0.9656984846059626,515,630,810,690,295,60
./input/Car_Number_Plate\IMG-20200222-WA0042.jpg,IMG-20200222-WA0042.jpg,0.9988182783126831,Không nhận diện,0.0,610,525,790,565,180,40
./input/Car_Number_Plate\IMG-20200222-WA0044.jpg,IMG-20200222-WA0044.jpg,0.9978530406951904,Ind Mh03AR2833,0.418922130896835,260,650,545,700,285,50
./input/Car_Number_Plate\IMG-20200222-WA0047.jpg,IMG-20200222-WA0047.jpg,0.9969428777694702,MK 43 AB 2121,0.6307717661512049,310,715,635,790,325,75
./input/Car_Number_Plate\IMG-20200222-WA0048.jpg,IMG-20200222-WA0048.jpg,0.8421305418014526,Mk 02 [W 7591,0.4175878553978603,290,830,675,905,385,75
./input/Car_Number_Plate\IMG-20200222-WA0049.jpg,IMG-20200222-WA0049.jpg,0.9344332814216614,Không nhận diện,0.0,495,600,805,675,310,75
./input/Car_Number_Plate\IMG-20200222-WA0050.jpg,IMG-20200222-WA0050.jpg,0.6435576677322388,Không nhận diện,0.0,370,705,645,760,275,55
./input/Car_Number_Plate\IMG-20200222-WA0051.jpg,IMG-20200222-WA0051.jpg,0.9989408254623413,MH 43v2770,0.8037643640606251,565,510,855,565,290,55
./input/Car_Number_Plate\IMG-20200222-WA0052.jpg,IMG-20200222-WA0052.jpg,0.9997788667678833,MH  01 BG  5069,0.4372531449999398,500,650,760,715,260,65
./input/Car_Number_Plate\IMG-20200222-WA0053.jpg,IMG-20200222-WA0053.jpg,0.9979764819145203,KH 43 Aw 2677,0.3739277173169646,335,555,595,610,260,55
./input/Car_Number_Plate\IMG-20200222-WA0055.jpg,IMG-20200222-WA0055.jpg,0.9944526553153992,MH.48.A.9882,0.8140823899318608,275,700,625,755,350,55
./input/Car_Number_Plate\IMG-20200222-WA0057.jpg,IMG-20200222-WA0057.jpg,0.9989937543869019,MH.02.BY.8389,0.7805745391518878,230,700,560,775,330,75
./input/Car_Number_Plate\IMG-20200222-WA0058.jpg,IMG-20200222-WA0058.jpg,0.9787117838859558,MH 46AD 0385,0.5997523684914468,360,580,535,625,175,45
./input/Car_Number_Plate\IMG-20200222-WA0059.jpg,IMG-20200222-WA0059.jpg,0.9974817037582397,"IH.06.AK,5780",0.5010557617834585,495,550,755,600,260,50
./input/Car_Number_Plate\IMG-20200222-WA0061.jpg,IMG-20200222-WA0061.jpg,0.9616914987564087,IND,0.9021694049858827,260,675,600,750,340,75
./input/Car_Number_Plate\IMG20200222153312.jpg,IMG20200222153312.jpg,0.9388558268547058,MHOZEH VIRARIW) 4740 GIRIRAJ MOTORB,0.6856581631583947,1055,2070,2375,2335,1320,265
./input/Car_Number_Plate\IMG20200222153317.jpg,IMG20200222153317.jpg,0.9925706386566162,MHOZEH 4740 GIRIRAJ MOTORS VIRARMW),0.7535222366689558,1045,2015,2235,2270,1190,255
./input/Car_Number_Plate\IMG20200222153433.jpg,IMG20200222153433.jpg,0.9998356103897095,MH.02.CV 2026,0.9490591593738196,740,1845,1840,2190,1100,345
./input/Car_Number_Plate\IMG20200222153552.jpg,IMG20200222153552.jpg,0.9898501038551331,MH 14 FC 5289,0.8563583486461313,1085,1590,1905,1745,820,155
./input/Car_Number_Plate\IMG20200222153603.jpg,IMG20200222153603.jpg,0.9998081922531128,IND DLIC P 0365,0.7999745115618445,1125,1450,2010,1660,885,210
./input/Car_Number_Plate\IMG20200222153719.jpg,IMG20200222153719.jpg,0.9827098846435547,IH 02 EU 504,0.9037090438430931,1275,2200,1870,2345,595,145
./input/Car_Number_Plate\IMG20200222153823.jpg,IMG20200222153823.jpg,0.9990472197532654,DLio CE 7066,0.7234083012778214,1230,1460,1885,1615,655,155
./input/Car_Number_Plate\IMG20200222153829.jpg,IMG20200222153829.jpg,0.999862790107727,AP29 BC 6050,0.9069777425517032,1365,1605,2055,1790,690,185
./input/Car_Number_Plate\IMG20200222153850.jpg,IMG20200222153850.jpg,0.9998494386672974,VD MH 47 V 9628,0.8024548249508833,1190,2385,2015,2585,825,200
./input/Car_Number_Plate\IMG20200222154031.jpg,IMG20200222154031.jpg,0.9995337128639221,MH 43 X 7268,0.9451031209489105,975,1830,1955,2015,980,185
./input/Car_Number_Plate\IMG20200222154322.jpg,IMG20200222154322.jpg,0.9998757839202881,MH 47 W 6493 Solitaire Honda 67385555,0.8346289823210067,1165,2015,2040,2220,875,205
./input/Car_Number_Plate\IMG20200222154339.jpg,IMG20200222154339.jpg,0.9996430277824402,HR 26 CV 3551,0.8163782018026756,1050,2300,1840,2480,790,180
./input/Car_Number_Plate\IMG20200222154400.jpg,IMG20200222154400.jpg,0.9998958110809326,HHO2EZ00/1,0.6797880745196669,960,2200,1955,2440,995,240
./input/Car_Number_Plate\IMG20200222154440.jpg,IMG20200222154440.jpg,0.9996033310890198,MH 02 WA 7961,0.9383177730925241,1305,2050,2115,2235,810,185
./input/Car_Number_Plate\IMG20200222154505.jpg,IMG20200222154505.jpg,0.9998637437820435,IND MHOZFE9521,0.9434188470485955,1225,1585,1990,1770,765,185
./input/Car_Number_Plate\IMG20200222154534.jpg,IMG20200222154534.jpg,0.9947299957275391,"MH SHIVAM 02,DW 6038 AUTOZONE 4",0.8014168304649776,1120,2785,1890,2970,770,185
./input/Car_Number_Plate\IMG20200222154545.jpg,IMG20200222154545.jpg,0.9992836117744446,MH.04.ET.1342,0.6699424246890141,990,2185,1830,2380,840,195
./input/Car_Number_Plate\IMG20200222154930.jpg,IMG20200222154930.jpg,0.999808669090271,IND HHO 10K2592,0.725478530135707,1420,1535,2060,1695,640,160
./input/Car_Number_Plate\IMG20200222154953.jpg,IMG20200222154953.jpg,0.9997855424880981,MH 04 DR 5444,0.8471831332248956,1080,1960,1980,2145,900,185
./input/Car_Number_Plate\IMG20200222154957.jpg,IMG20200222154957.jpg,0.9639904499053955,IH.48.H.0484,0.8013061019830587,785,2685,1405,2830,620,145
./input/Car_Number_Plate\IMG20200222155001.jpg,IMG20200222155001.jpg,0.9866966605186462,MHUsEE9017,0.31201552285335915,950,2810,1650,2990,700,180
./input/Car_Number_Plate\IMG20200222155006.jpg,IMG20200222155006.jpg,0.9998533725738525,MH 020.J9565],0.8339795484389994,1320,2535,2120,2735,800,200
./input/Car_Number_Plate\IMG20200222155011.jpg,IMG20200222155011.jpg,0.9907956123352051,MH 02 DN 4756,0.9644275542004936,1105,2415,2025,2610,920,195
./input/Car_Number_Plate\IMG20200222155015.jpg,IMG20200222155015.jpg,0.9991956353187561,IND MHOZER8O99,0.7159241670897758,1390,2055,2110,2225,720,170
./input/Car_Number_Plate\IMG20200222155019.jpg,IMG20200222155019.jpg,0.9998421669006348,MH.02.DJ.957,0.9795964446960023,1225,2210,2020,2410,795,200
./input/Car_Number_Plate\IMG20200222155026.jpg,IMG20200222155026.jpg,0.9802703261375427,HO2BG584S,0.48164809396811575,1205,2545,1800,2690,595,145
./input/Car_Number_Plate\IMG20200222155038.jpg,IMG20200222155038.jpg,0.9998461008071899,MH 02 BZ *498,0.49417390893279667,960,2320,1960,2575,1000,255
./input/Car_Number_Plate\IMG20200222155042.jpg,IMG20200222155042.jpg,0.9983499050140381,IND MH 01 AY 22,0.7959031045715276,980,2405,2085,2670,1105,265
./input/Car_Number_Plate\IMG20200222155057.jpg,IMG20200222155057.jpg,0.9973981380462646,M# LZA 9141,0.4081254548724596,1075,2155,2115,2380,1040,225
./input/Car_Number_Plate\IMG20200222155119.jpg,IMG20200222155119.jpg,0.9448158144950867,IND,0.9998451441967937,1175,2120,1905,2280,730,160
./input/Car_Number_Plate\IMG20200222155130.jpg,IMG20200222155130.jpg,0.999854564666748,IND MHG7AN8875,0.706409915261057,1375,2585,2135,2765,760,180
./input/Car_Number_Plate\IMG20200222155138.jpg,IMG20200222155138.jpg,0.9998502731323242,IND MHO2FE9928,0.8645489514938931,1210,2305,2005,2505,795,200
./input/Car_Number_Plate\IMG20200222155233.jpg,IMG20200222155233.jpg,0.9832324981689453,AH 03 AF 4070 sset Auto,0.7241672704148506,1320,2000,1930,2140,610,140
./input/Car_Number_Plate\IMG20200222155239.jpg,IMG20200222155239.jpg,0.9995838403701782,Hh 03 BW 2839 quICK CAR WORLD,0.7067057079055233,1240,2280,1900,2445,660,165
./input/Car_Number_Plate\IMG20200222155244.jpg,IMG20200222155244.jpg,0.9997389316558838,MH 01 AE 3224,0.8782327402613996,1415,2735,2090,2885,675,150
./input/Car_Number_Plate\IMG20200222155248.jpg,IMG20200222155248.jpg,0.9996938109397888,IND 6J04CR3729,0.9405338599770854,1135,2460,2150,2740,1015,280
./input/Car_Number_Plate\IMG20200222155301.jpg,IMG20200222155301.jpg,0.9981716275215149,IND MHO2CL9762,0.8225922688140238,1320,2995,2260,3175,940,180
./input/Car_Number_Plate\IMG20200222155309.jpg,IMG20200222155309.jpg,0.9786768555641174,MH.O2.BY.1432,0.5454270293461085,1185,2650,2010,2800,825,150
./input/Car_Number_Plate\IMG20200222155337.jpg,IMG20200222155337.jpg,0.8475229144096375,MH-01-CV-126,0.7800726446551411,1310,2150,1890,2285,580,135
./input/Car_Number_Plate\IMG20200222155421.jpg,IMG20200222155421.jpg,0.999895453453064,IND MHZ7AN6O52,0.7521390937143275,1315,2160,2065,2365,750,205
./input/Car_Number_Plate\IMG20200222155434.jpg,IMG20200222155434.jpg,0.9984453916549683,MHO2 EZ0473,0.9396386309984776,1060,2710,1855,2865,795,155
./input/Car_Number_Plate\IMG20200222155446.jpg,IMG20200222155446.jpg,0.9994550943374634,MH 02 BG 7313,0.9989211015901358,1140,2600,2015,2765,875,165
./input/Car_Number_Plate\IMG20200222155531.jpg,IMG20200222155531.jpg,0.9998981952667236,IND 6J12047552,0.9015487372852793,1635,1905,2335,2085,700,180
./input/Car_Number_Plate\IMG20200222155547.jpg,IMG20200222155547.jpg,0.5908886194229126,MH 02 DZ 6561,0.8154915096026015,760,1800,1855,2005,1095,205
./input/Car_Number_Plate\IMG20200222155625.jpg,IMG20200222155625.jpg,0.9993190765380859,MH.O2.EF7253,0.753326500366008,960,2690,1715,2855,755,165
./input/Car_Number_Plate\IMG20200222155635.jpg,IMG20200222155635.jpg,0.8058350682258606,MH 43 BE 2410,0.8814090703183188,1010,2195,1935,2330,925,135
./input/Car_Number_Plate\IMG20200222155705.jpg,IMG20200222155705.jpg,0.999772310256958,IIH 02 BP 1291,0.4539983488527597,1080,2040,2045,2290,965,250
./input/Car_Number_Plate\IMG20200222155713.jpg,IMG20200222155713.jpg,0.8662155866622925,MH 02 BG 8088,0.9787909099672395,1080,1995,2095,2220,1015,225
./input/Car_Number_Plate\IMG20200222155723.jpg,IMG20200222155723.jpg,0.9997674226760864,MH 02DS3708,0.9936587821411275,1145,2610,1995,2800,850,190
./input/Car_Number_Plate\IMG20200222205259.jpg,IMG20200222205259.jpg,0.9989804625511169,MH 02 BT 4666,0.8407437492362836,1360,1835,1975,1985,615,150
./input/Car_Number_Plate\IMG20200222205314.jpg,IMG20200222205314.jpg,0.9963420629501343,MH 02 BT 4665,0.35522473522066067,1380,1760,1980,1925,600,165
./input/Car_Number_Plate\IMG20200222205324.jpg,IMG20200222205324.jpg,0.6301175355911255,Không nhận diện,0.0,1695,1575,2505,1765,810,190
./input/Car_Number_Plate\IMG20200222205339.jpg,IMG20200222205339.jpg,0.9996612668037415,MH.03.BE.2561,0.8926329697406811,1605,2075,2370,2230,765,155
./input/Car_Number_Plate\IMG20200222205358.jpg,IMG20200222205358.jpg,0.9999032020568848,MH03 CM3878,0.7910828254060659,1910,2110,2745,2305,835,195
./input/Car_Number_Plate\IMG20200222205416.jpg,IMG20200222205416.jpg,0.9995595812797546,MH03 CM3878,0.8022662891087047,1650,2430,2885,2695,1235,265
./input/Car_Number_Plate\IMG20200222205444.jpg,IMG20200222205444.jpg,0.999690592288971,MHG3BS6719,0.8060534267822062,1650,1755,2620,2000,970,245
./input/Car_Number_Plate\IMG20200222205534.jpg,IMG20200222205534.jpg,0.9991065859794617,[MHO3 CB 4355,0.5144692407090451,1875,2050,2950,2330,1075,280
./input/Car_Number_Plate\IMG20200222205559.jpg,IMG20200222205559.jpg,0.9994702339172363,MHO3 CB 4355,0.8610769527992622,910,2500,2115,2785,1205,285
./input/Car_Number_Plate\IMG20200222205613.jpg,IMG20200222205613.jpg,0.9998034238815308,MHO3 CB 4355,0.690411872268735,1675,2015,2870,2290,1195,275
./input/Car_Number_Plate\IMG20200222210016.jpg,IMG20200222210016.jpg,0.9981978535652161,Không nhận diện,0.0,1200,2040,2475,2455,1275,415
./input/Car_Number_Plate\IMG20200222210050.jpg,IMG20200222210050.jpg,0.9664930105209351,MHO3CH2381,0.6674154373937472,1380,1830,2835,2160,1455,330
./input/Car_Number_Plate\IMG20200222210106.jpg,IMG20200222210106.jpg,0.8637825846672058,MH 03 DA 8578,0.9954267140422699,2360,1640,3355,1945,995,305
./input/Car_Number_Plate\IMG20200222210123.jpg,IMG20200222210123.jpg,0.9950909614562988,MH 04 HF 0900,0.5093348006563614,1470,1730,2920,1970,1450,240
./input/Car_Number_Plate\IMG20200222210135.jpg,IMG20200222210135.jpg,0.6787298321723938,MH.15 EX 4476,0.5573154142386977,1825,1980,3245,2235,1420,255
./input/Car_Number_Plate\IMG20200222210145.jpg,IMG20200222210145.jpg,0.8981282711029053,MH.15.EX.4476,0.8436260933216198,1955,2070,3240,2290,1285,220
./input/Car_Number_Plate\IMG20200222210203.jpg,IMG20200222210203.jpg,0.9995529055595398,MH 03 CS 2212 BHAN' o 73911 NEXA,0.6509116218506777,1740,2415,3010,2785,1270,370
./input/Car_Number_Plate\IMG20200222210241.jpg,IMG20200222210241.jpg,0.9955340623855591,MH 04 D 3 2723 Jud,0.5938489851032543,1205,1785,2435,2095,1230,310
./input/Car_Number_Plate\IMG20200222210301.jpg,IMG20200222210301.jpg,0.6610321402549744,Mh.24Af.1487,0.4749881475185073,1690,1745,2490,1925,800,180
./input/Car_Number_Plate\IMG20200222210352.jpg,IMG20200222210352.jpg,0.9939061999320984,MH 02C0 7596,0.7192628728465261,1080,2575,2045,3080,965,505
./input/Car_Number_Plate\IMG20200222211532.jpg,IMG20200222211532.jpg,0.9993304014205933,AR 4458 HH 4,0.5192245311348561,1150,2080,2030,2355,880,275
./input/Car_Number_Plate\IMG20200222211559.jpg,IMG20200222211559.jpg,0.9968981146812439,MH 43AN 8561,0.9185871400002927,910,2765,1790,2945,880,180
./input/Car_Number_Plate\IMG20200222211615.jpg,IMG20200222211615.jpg,0.9998112916946411,MH 438K 2499,0.45199474808330686,900,3015,1850,3250,950,235
./input/Car_Number_Plate\IMG20200222211629.jpg,IMG20200222211629.jpg,0.9994449615478516,Không nhận diện,0.0,1305,2585,2035,2775,730,190
./input/Car_Number_Plate\IMG20200222211905.jpg,IMG20200222211905.jpg,0.9912821650505066,MH 43 AW 2358 Solitaire Honda 6151615 ,0.7944583358266246,1170,2440,1930,2605,760,165
./input/Car_Number_Plate\IMG20200222212119.jpg,IMG20200222212119.jpg,0.9997360706329346,MH 43 AF 3377,0.9112141244180527,1150,1770,2140,1960,990,190
./input/Car_Number_Plate\IMG20200222212318.jpg,IMG20200222212318.jpg,0.9998307228088379,MH.43.AB.113,0.9955699485033487,1110,2735,2055,2935,945,200
./input/Car_Number_Plate\IMG20200222212357.jpg,IMG20200222212357.jpg,0.9998602867126465,MH 43 BE*7409,0.6531419999691381,990,2250,1930,2475,940,225
./input/Car_Number_Plate\IMG20200222212414.jpg,IMG20200222212414.jpg,0.9996482729911804,HHOIBF 0724 HASHMi MOTOP,0.6683486128844036,1305,2280,2200,2525,895,245
./input/Car_Number_Plate\IMG20200222212436.jpg,IMG20200222212436.jpg,0.999876856803894,IND KHZGBK6312],0.8425146132962444,1045,3110,2040,3365,995,255
./input/Car_Number_Plate\IMG20200222212453.jpg,IMG20200222212453.jpg,0.9996097683906555,Không nhận diện,0.0,1230,1855,2080,2065,850,210
./input/Car_Number_Plate\IMG20200222212603.jpg,IMG20200222212603.jpg,0.9996549487113953,MH 43 AF 4156,0.9910619145889513,990,2245,1815,2410,825,165
./input/Car_Number_Plate\IMG20200222212646.jpg,IMG20200222212646.jpg,0.9997163414955139,M 143 BN 5017},0.629638198550617,1175,2695,1930,2900,755,205
./input/Car_Number_Plate\IMG20200222212726.jpg,IMG20200222212726.jpg,0.999776303768158,IND KH43X8314,0.7044061487191384,880,2835,1860,3100,980,265
./input/Car_Number_Plate\IMG20200222212750.jpg,IMG20200222212750.jpg,0.9989890456199646,PNH 43 X 9813,0.41541732861559216,925,2885,1685,3080,760,195
./input/Car_Number_Plate\IMG20200222213510.jpg,IMG20200222213510.jpg,0.9998295307159424,MH43 AF 3574,0.9926343552711491,1300,2640,2085,2835,785,195
./input/Car_Number_Plate\IMG20200222213525.jpg,IMG20200222213525.jpg,0.9997084736824036,MH 43 A N8314,0.31858728594019736,1060,2210,1910,2410,850,200
./input/Car_Number_Plate\IMG20200222213730.jpg,IMG20200222213730.jpg,0.9997373819351196,MH 43 AL 7203,0.9867664267092694,710,1630,1585,1825,875,195
./input/Car_Number_Plate\IMG20200222213755.jpg,IMG20200222213755.jpg,0.9992873668670654,MH43 AL 4358,0.9659024546230309,1330,2220,2190,2410,860,190
./input/Car_Number_Plate\IMG20200222213857.jpg,IMG20200222213857.jpg,0.9999117851257324,"H,43.AJ.0770",0.48406242549496503,995,2225,1830,2415,835,190
./input/Car_Number_Plate\IMG20200222213907.jpg,IMG20200222213907.jpg,0.9998430013656616,MH.43.AJ.0770,0.8395895584742339,1025,2350,1950,2560,925,210
./input/Car_Number_Plate\IMG20200222213955.jpg,IMG20200222213955.jpg,0.9921005368232727,MH 43 AN 3011,0.5843200994395837,1135,2895,2000,3070,865,175
./input/Car_Number_Plate\IMG20200222214011.jpg,IMG20200222214011.jpg,0.999906063079834,EMHO5EA3808,0.5872743602654729,1015,2720,1890,2930,875,210
./input/Car_Number_Plate\IMG20200222214040.jpg,IMG20200222214040.jpg,0.9075657725334167,Không nhận diện,0.0,1140,2280,2065,2495,925,215
./input/Car_Number_Plate\IMG20200222214338.jpg,IMG20200222214338.jpg,0.9999710321426392,HHZ3BE7556,0.9857266201383583,1465,2895,2345,3115,880,220
./input/Car_Number_Plate\IMG_20191024_144047.jpg,IMG_20191024_144047.jpg,0.9995461106300354,MH 43 BN 1284,0.49361704050188115,1070,2480,2020,2715,950,235
./input/Car_Number_Plate\IMG_20200222_154723.jpg,IMG_20200222_154723.jpg,0.99818354845047,HHO4CM8119,0.5411653894509848,1105,2125,1900,2315,795,190
./input/Car_Number_Plate\IMG_20200222_154739.jpg,IMG_20200222_154739.jpg,0.9998757839202881,MH01C06826 NEXALOWER PAREL,0.605412580947948,1145,2665,1860,2855,715,190
./input/Car_Number_Plate\IMG_20200222_154746.jpg,IMG_20200222_154746.jpg,0.9994591474533081,Mh43aR 43 4,0.38729576447457437,1190,2790,1930,2950,740,160
./input/Car_Number_Plate\IMG_20200222_154802.jpg,IMG_20200222_154802.jpg,0.999774694442749,MH 46 W 4672,0.9001582553353403,955,2035,1660,2210,705,175
./input/Car_Number_Plate\IMG_20200222_154830.jpg,IMG_20200222_154830.jpg,0.9998573064804077,IND HH43an5070,0.5905215448156023,885,2305,1630,2495,745,190
./input/Car_Number_Plate\IMG_20200222_155049.jpg,IMG_20200222_155049.jpg,0.9985730648040771,MH*43 AT 3466,0.5600890315017446,990,2280,1770,2470,780,190
./input/Car_Number_Plate\IMG_20200222_155148.jpg,IMG_20200222_155148.jpg,0.9993209838867188,MH 43 AF 5001,0.33630775407690416,1150,2065,1760,2200,610,135
./input/Car_Number_Plate\IMG_20200222_155432.jpg,IMG_20200222_155432.jpg,0.9998852014541626,MH 46BE 8647,0.7958905361720188,1090,2525,1715,2655,625,130
./input/Car_Number_Plate\IMG_20200222_155448.jpg,IMG_20200222_155448.jpg,0.952595591545105,RJA5 CD 3358,0.8372790784914116,910,2780,1855,2955,945,175
./input/Car_Number_Plate\IMG_20200222_155456.jpg,IMG_20200222_155456.jpg,0.9992239475250244,MH 43X 9433,0.7817883440867602,930,2960,1815,3160,885,200
./input/Car_Number_Plate\IMG_20200222_155503.jpg,IMG_20200222_155503.jpg,0.9994664788246155,ZOnE IIND MH02.AL.6946 TWINS CAR,0.6976958360890764,1170,2655,2120,2890,950,235
./input/Car_Number_Plate\IMG_20200222_155519.jpg,IMG_20200222_155519.jpg,0.9998725652694702,MHO2 AU8208 AUTo,0.6047780244152181,1370,2280,2005,2420,635,140
./input/Car_Number_Plate\IMG_20200222_155531.jpg,IMG_20200222_155531.jpg,0.9988229274749756,IND HHG3AL92L5,0.7057374150653141,1040,2710,1980,2935,940,225
./input/Car_Number_Plate\IMG_20200222_155540.jpg,IMG_20200222_155540.jpg,0.9997543692588806,IND 6J10cn5192,0.8279684638397928,1080,2880,2045,3100,965,220
./input/Car_Number_Plate\IMG_20200222_155555.jpg,IMG_20200222_155555.jpg,0.9997535347938538,MH.03.AM.7300 Linkway Honda,0.755239908882879,1025,2615,2020,2840,995,225
./input/Car_Number_Plate\IMG_20200222_155600.jpg,IMG_20200222_155600.jpg,0.9933307766914368,MH.46.X.5120,0.938896446186367,885,2820,1895,2995,1010,175
./input/Car_Number_Plate\IMG_20200222_160553.jpg,IMG_20200222_160553.jpg,0.9993482828140259,MH.46.AP.5391,0.8096773377934934,200,590,415,630,215,40
./input/Car_Number_Plate\IMG_20200222_160637.jpg,IMG_20200222_160637.jpg,0.9998736381530762,MH 06 BU 2976,0.5354071381562805,985,1800,1925,1995,940,195
./input/Car_Number_Plate\IMG_20200222_160653.jpg,IMG_20200222_160653.jpg,0.9994997978210449,0 MH 05 AX 3973,0.7949046390628561,940,2030,1890,2255,950,225
./input/Car_Number_Plate\IMG_20200222_160702.jpg,IMG_20200222_160702.jpg,0.9997496604919434,MH 06 az 2857,0.6868218010128438,1060,1975,2070,2250,1010,275
./input/Car_Number_Plate\IMG_20200222_160710.jpg,IMG_20200222_160710.jpg,0.9999401569366455,VO MHO6AZ2380,0.6903250983103858,1100,2205,2070,2455,970,250
./input/Car_Number_Plate\IMG_20200222_160717.jpg,IMG_20200222_160717.jpg,0.9984594583511353,MH46W 5564 AU OVISTA 67743777,0.7935250306455596,1050,2220,2000,2455,950,235
./input/Car_Number_Plate\IMG_20200222_160728.jpg,IMG_20200222_160728.jpg,0.9966170191764832,MHO6AN.7238,0.8092698137282381,855,2350,1780,2525,925,175
./input/Car_Number_Plate\IMG_20200222_160741.jpg,IMG_20200222_160741.jpg,0.6539906859397888,@ MH 43 BG 0734,0.9161747688078432,1025,2015,1980,2160,955,145
./input/Car_Number_Plate\IMG_20200222_161006.jpg,IMG_20200222_161006.jpg,0.9040225148200989,M# 43 AB 1837,0.7015969607735807,1110,1300,1845,1455,735,155
./input/Car_Number_Plate\IMG_20200222_161203.jpg,IMG_20200222_161203.jpg,0.9976181387901306,MH.46.Z.8364,0.8503779069587889,1200,2225,1805,2375,605,150
./input/Car_Number_Plate\IMG_20200222_161628.jpg,IMG_20200222_161628.jpg,0.9998524188995361,NAVNIT MH 04 BY 1940,0.8929287083827153,985,2685,1755,2895,770,210
./input/Car_Number_Plate\IMG_20200222_161637.jpg,IMG_20200222_161637.jpg,0.944862425327301,MH'02 CD 8606,0.7962209883532574,1005,2285,2025,2415,1020,130
./input/Car_Number_Plate\IMG_20200222_161648.jpg,IMG_20200222_161648.jpg,0.9942421317100525,CH 01 AD 9404,0.9171033426576546,1025,2165,1805,2330,780,165
./input/Car_Number_Plate\IMG_20200222_161654.jpg,IMG_20200222_161654.jpg,0.9999428987503052,IND,0.6093664710652228,1235,2460,1945,2665,710,205
./input/Car_Number_Plate\IMG_20200222_161703.jpg,IMG_20200222_161703.jpg,0.9998975992202759,IND MHZ6B02315,0.7364280240103107,1235,2695,2065,2915,830,220
./input/Car_Number_Plate\IMG_20200222_161714.jpg,IMG_20200222_161714.jpg,0.9779763221740723,H.05.BS.2220,0.6128704435348866,1305,2615,1880,2740,575,125
./input/Car_Number_Plate\IMG_20200222_161723.jpg,IMG_20200222_161723.jpg,0.999907374382019,IND HH 46W 2634,0.8684518638913561,1100,2715,1865,2915,765,200
./input/Car_Number_Plate\IMG_20200222_161729.jpg,IMG_20200222_161729.jpg,0.991703450679779,"MH ,04,CT,6737",0.4152246386813406,1070,2345,1995,2530,925,185
./input/Car_Number_Plate\IMG_20200222_161735.jpg,IMG_20200222_161735.jpg,0.9998363256454468,INDI HR26CD6423,0.5901513542943233,895,2760,1660,2970,765,210
./input/Car_Number_Plate\IMG_20200222_161742.jpg,IMG_20200222_161742.jpg,0.9990226030349731,MH 02 CB 437,0.7569857855395807,1030,2045,1755,2270,725,225
./input/Car_Number_Plate\IMG_20200222_161745.jpg,IMG_20200222_161745.jpg,0.9998089075088501,HH.87.G.4964|,0.3065985008971807,1275,2210,2085,2390,810,180
./input/Car_Number_Plate\IMG_20200222_161752.jpg,IMG_20200222_161752.jpg,0.9996310472488403,MHO2EP3835 Kiran Motors Maharashtra,0.8953528288738615,1065,2525,1965,2810,900,285
./input/Car_Number_Plate\IMG_20200222_161804.jpg,IMG_20200222_161804.jpg,0.9998254776000977,IND MH 43 Y 9889,0.8748216171081661,1125,2225,1895,2445,770,220
./input/Car_Number_Plate\IMG_20200222_161811.jpg,IMG_20200222_161811.jpg,0.6295493245124817,MH 43 BN 4657,0.9995765780935976,1075,2280,2060,2420,985,140
./input/Car_Number_Plate\IMG_20200222_161818.jpg,IMG_20200222_161818.jpg,0.9999197721481323,MH 46 BE 6179,0.9994773337934382,1195,2205,1875,2355,680,150
./input/Car_Number_Plate\IMG_20200222_161826.jpg,IMG_20200222_161826.jpg,0.9991768002510071,HR 51 AF 1104,0.9494878519932319,1135,1925,1820,2115,685,190
./input/Car_Number_Plate\IMG_20200222_161905.jpg,IMG_20200222_161905.jpg,0.9822984933853149,MH.03.8.5266,0.6359552115780625,1050,2410,1725,2540,675,130
./input/Car_Number_Plate\IMG_20200222_161910.jpg,IMG_20200222_161910.jpg,0.999906063079834,IND AP.16.BP.5923,0.6830384880661005,1145,2010,1880,2195,735,185
./input/Car_Number_Plate\IMG_20200222_161923.jpg,IMG_20200222_161923.jpg,0.9994695782661438,MH.O2.BM.269,0.778029927372781,1330,2505,1925,2645,595,140
./input/Car_Number_Plate\IMG_20200222_161929.jpg,IMG_20200222_161929.jpg,0.9990512728691101,MHOLVA 9078,0.5380738047467205,1010,2710,1885,2935,875,225
./input/Car_Number_Plate\IMG_20200222_161938.jpg,IMG_20200222_161938.jpg,0.9971579313278198,IH 46 BA 018,0.8809586455401468,1300,2210,1840,2360,540,150
./input/Car_Number_Plate\IMG_20200222_161944.jpg,IMG_20200222_161944.jpg,0.9559392929077148,MH 43AW 0424,0.8947390184520054,920,2340,1685,2470,765,130
./input/Car_Number_Plate\IMG_20200222_164228.jpg,IMG_20200222_164228.jpg,0.9971373081207275,MH 02,0.992844081075206,1080,1870,1900,2040,820,170
./input/Car_Number_Plate\IMG_20200222_164228604_HDR.jpg,IMG_20200222_164228604_HDR.jpg,0.9999425411224365,MH 43 AF 6646,0.9288312992436686,1110,1860,1700,1995,590,135
./input/Car_Number_Plate\IMG_20200222_164304.jpg,IMG_20200222_164304.jpg,0.9996324777603149,MH.46.X.2440,0.9918896999061094,985,2090,1985,2265,1000,175
./input/Car_Number_Plate\IMG_20200222_164408735_HDR.jpg,IMG_20200222_164408735_HDR.jpg,0.9259125590324402,MH 46 2440,0.9990775801604914,865,1905,1995,2050,1130,145
./input/Car_Number_Plate\IMG_20200222_164417437_HDR.jpg,IMG_20200222_164417437_HDR.jpg,0.9994189739227295,IND MHL3BN 1861 NEXA VASHI PALM BEACH ROAD 9326928299,0.8224649597638533,1295,2220,2070,2410,775,190
./input/Car_Number_Plate\IMG_20200222_164430319.jpg,IMG_20200222_164430319.jpg,0.9999138116836548,"ID MHO5CY6838 Regent Honda 02522 69553,",0.8409539605332605,1345,1830,2055,2035,710,205
./input/Car_Number_Plate\IMG_20200222_164445552_HDR.jpg,IMG_20200222_164445552_HDR.jpg,0.9987244009971619,IND MH43BN8108,0.7728763761643094,1315,2225,2070,2415,755,190
./input/Car_Number_Plate\IMG_20200222_164453816.jpg,IMG_20200222_164453816.jpg,0.999915361404419,MH 46B42895,0.4891240705935941,1105,1825,1965,2050,860,225
./input/Car_Number_Plate\IMG_20200222_164506159.jpg,IMG_20200222_164506159.jpg,0.9998615980148315,MHZ3AT1968 IND,0.927856739337722,1250,2510,2085,2740,835,230
./input/Car_Number_Plate\IMG_20200222_164525363_HDR.jpg,IMG_20200222_164525363_HDR.jpg,0.9992156028747559,MH.43.AJ.3301,0.9885098490500988,1215,1940,2070,2115,855,175
./input/Car_Number_Plate\IMG_20200222_164539467.jpg,IMG_20200222_164539467.jpg,0.9996861219406128,MH.43.AF 8733 Bhavna Ford,0.7542738066321192,1285,1830,1855,1960,570,130
./input/Car_Number_Plate\IMG_20200222_164605838.jpg,IMG_20200222_164605838.jpg,0.9857024550437927,MH02 ER 2232,0.9138663634464101,995,1625,1955,1780,960,155
./input/Car_Number_Plate\IMG_20200222_164622735_HDR.jpg,IMG_20200222_164622735_HDR.jpg,0.9992664456367493,MH 3 BN 5832,0.8467314627232563,1265,1500,1815,1620,550,120
./input/Car_Number_Plate\IMG_20200222_164641584.jpg,IMG_20200222_164641584.jpg,0.991661787033081,03 CM 71 wwwyashmotors c,0.7580782255635494,1180,2180,1610,2310,430,130
./input/Car_Number_Plate\IMG_20200222_164709022_HDR.jpg,IMG_20200222_164709022_HDR.jpg,0.9971383213996887,Không nhận diện,0.0,1340,1855,1865,1975,525,120
./input/Car_Number_Plate\IMG_20200222_164728219_HDR.jpg,IMG_20200222_164728219_HDR.jpg,0.9988730549812317,"MH43 ,BP 5455 o euer",0.39772759117961887,1350,1930,1950,2065,600,135
./input/Car_Number_Plate\IMG_20200222_164737933.jpg,IMG_20200222_164737933.jpg,0.9998905658721924,Không nhận diện,0.0,1175,1925,1925,2120,750,195
./input/Car_Number_Plate\IMG_20200222_164747265_HDR.jpg,IMG_20200222_164747265_HDR.jpg,0.9941868185997009,MH 43 BK 6779,0.845195062627331,990,2330,1870,2530,880,200
./input/Car_Number_Plate\IMG_20200222_164757123_HDR.jpg,IMG_20200222_164757123_HDR.jpg,0.9997692108154297,IND,0.9981338919371213,1105,2410,1850,2585,745,175
./input/Car_Number_Plate\IMG_20200222_164828783.jpg,IMG_20200222_164828783.jpg,0.9992327690124512,MH 43 X 7213,0.7512685061950712,1360,1990,1940,2145,580,155
./input/Car_Number_Plate\IMG_20200222_164840930_HDR.jpg,IMG_20200222_164840930_HDR.jpg,0.9994584321975708,IND Hh438u0642,0.7690334676586896,915,2095,1820,2310,905,215
./input/Car_Number_Plate\IMG_20200222_164849104.jpg,IMG_20200222_164849104.jpg,0.9998975992202759,Không nhận diện,0.0,1210,2740,2090,3015,880,275
./input/Car_Number_Plate\IMG_20200222_164915342.jpg,IMG_20200222_164915342.jpg,0.9997631311416626,@toZAUTOWORKS JH 09 E 1755,0.9759765166976431,1240,2340,1900,2480,660,140
./input/Car_Number_Plate\IMG_20200222_164941082_HDR.jpg,IMG_20200222_164941082_HDR.jpg,0.9835580587387085,MH 49B 1908,0.9840139575358076,1215,2680,1845,2825,630,145
./input/Car_Number_Plate\IMG_20200222_164957387.jpg,IMG_20200222_164957387.jpg,0.9999399185180664,IND,0.9912107365853521,1350,1985,1835,2115,485,130
./input/Car_Number_Plate\IMG_20200222_165043874.jpg,IMG_20200222_165043874.jpg,0.9610475897789001,MH *43 AN 92,0.48574896351274044,1220,2030,1695,2150,475,120
./input/Car_Number_Plate\IMG_20200222_165117190.jpg,IMG_20200222_165117190.jpg,0.9990339875221252,MF:03 . BE . 4882,0.4195652266465962,1175,1965,1985,2170,810,205
./input/Car_Number_Plate\IMG_20200222_165129606.jpg,IMG_20200222_165129606.jpg,0.9854212403297424,04 GJ 3094 MH,0.8435958904228581,1045,2950,2125,3280,1080,330
./input/Car_Number_Plate\IMG_20200222_165136212_HDR.jpg,IMG_20200222_165136212_HDR.jpg,0.9980953335762024,DLACAF 7566,0.6621283099281571,720,2695,1875,2925,1155,230
./input/Car_Number_Plate\IMG_20200222_165154185_HDR.jpg,IMG_20200222_165154185_HDR.jpg,0.9973666071891785,MH 04 FZ 8259,0.7867573669900154,1125,2125,2020,2330,895,205
./input/Car_Number_Plate\IMG_20200222_165202265.jpg,IMG_20200222_165202265.jpg,0.9999167919158936,IND MHZSBK1517,0.9355997391340749,1045,1600,1735,1795,690,195
./input/Car_Number_Plate\IMG_20200222_165215405_HDR.jpg,IMG_20200222_165215405_HDR.jpg,0.9955950975418091,MH.01.AL.8921,0.9444213293435306,985,2685,2195,2890,1210,205
./input/Car_Number_Plate\IMG_20200222_165233262_HDR.jpg,IMG_20200222_165233262_HDR.jpg,0.9992138147354126,IND HHZ3BU1056,0.6612224430960674,855,2200,1995,2490,1140,290
./input/Car_Number_Plate\IMG_20200222_165250638.jpg,IMG_20200222_165250638.jpg,0.9982538223266602,43 AN 58601 MH,0.6625705775100473,1160,2390,2210,2640,1050,250
./input/Car_Number_Plate\IMG_20200222_165317882_HDR.jpg,IMG_20200222_165317882_HDR.jpg,0.9997419118881226,MH43 AL 7881,0.8665928228953234,1120,2460,2190,2735,1070,275
./input/Car_Number_Plate\IMG_20200222_165348975.jpg,IMG_20200222_165348975.jpg,0.9999375343322754,MH43 BE 5916,0.9164896641561946,1165,2085,2070,2275,905,190
./input/Car_Number_Plate\IMG_20200222_165402668.jpg,IMG_20200222_165402668.jpg,0.9998629093170166,MH.43.AT.6554,0.6672711640040583,1180,2060,1955,2260,775,200
./input/Car_Number_Plate\IMG_20200222_165407449.jpg,IMG_20200222_165407449.jpg,0.9996151924133301,MH.04.CB 2944,0.6974449793363399,1310,1930,2100,2105,790,175
./input/Car_Number_Plate\IMG_20200222_165423688.jpg,IMG_20200222_165423688.jpg,0.9995664954185486,MH.43.AF.3410,0.5232582069897945,920,2070,2075,2270,1155,200
./input/Car_Number_Plate\IMG_20200222_165427815.jpg,IMG_20200222_165427815.jpg,0.8922285437583923,MH.43.BG.454C,0.39705310253117887,1310,1845,1845,1950,535,105
./input/Car_Number_Plate\IMG_20200222_165502566_HDR.jpg,IMG_20200222_165502566_HDR.jpg,0.9999079704284668,MH.48.R.2128,0.5815971523368744,1235,1875,2045,2060,810,185
./input/Car_Number_Plate\IMG_20200222_165554.jpg,IMG_20200222_165554.jpg,0.9999188184738159,IND,0.9989313539273917,1380,1295,2105,1485,725,190
./input/Car_Number_Plate\IMG_20200222_165613288_HDR.jpg,IMG_20200222_165613288_HDR.jpg,0.9996771216392517,ND NHO 4GU4591,0.48495361907994006,1060,1790,1905,2015,845,225
./input/Car_Number_Plate\IMG_20200222_165852753.jpg,IMG_20200222_165852753.jpg,0.9909214377403259,MH *43 AR 2184,0.5756975886070526,1275,1830,1855,1970,580,140
./input/Car_Number_Plate\IMG_20200222_165921253.jpg,IMG_20200222_165921253.jpg,0.9999221563339233,MHO1 CP 1994,0.6865028640943706,1105,2165,1995,2415,890,250
./input/Car_Number_Plate\IMG_20200222_170020186.jpg,IMG_20200222_170020186.jpg,0.9995319247245789,MH.43AT.1176,0.7710317298681701,1090,2520,1905,2690,815,170
./input/Car_Number_Plate\IMG_20200222_170133876.jpg,IMG_20200222_170133876.jpg,0.9975276589393616,IND,0.9992593365614758,1410,2030,2115,2195,705,165
./input/Car_Number_Plate\IMG_20200222_170152087.jpg,IMG_20200222_170152087.jpg,0.9706283807754517,MH43 AJ 5471,0.9370015297679883,1160,2190,2170,2400,1010,210
./input/Car_Number_Plate\IMG_20200222_170217307_HDR.jpg,IMG_20200222_170217307_HDR.jpg,0.9998717308044434,MHZ3AH99Z4,0.3491768065513394,1230,2150,2040,2380,810,230
./input/Car_Number_Plate\IMG_20200222_170326.jpg,IMG_20200222_170326.jpg,0.9999185800552368,MH 06 AZ4348,0.5839377941542053,1390,1510,1890,1620,500,110
./input/Car_Number_Plate\IMG_20200222_171836619_HDR.jpg,IMG_20200222_171836619_HDR.jpg,0.9746366143226624,MH 43 AT 8866,0.9301458004646462,930,2165,1995,2360,1065,195
./input/Car_Number_Plate\IMG_20200222_171836619_HDR.jpg,IMG_20200222_171836619_HDR.jpg,0.4094497263431549,8866,0.9999443292617798,1595,2200,1935,2365,340,165
./input/Car_Number_Plate\IMG_20200222_171843584.jpg,IMG_20200222_171843584.jpg,0.9997360110282898,MHO4 JV 1850,0.5966690388607718,1090,2690,2125,2930,1035,240
./input/Car_Number_Plate\IMG_20200222_171850923.jpg,IMG_20200222_171850923.jpg,0.9993702173233032,MH43 ar 8060,0.6327967344040747,1170,2005,2170,2225,1000,220
./input/Car_Number_Plate\IMG_20200222_171858496_HDR.jpg,IMG_20200222_171858496_HDR.jpg,0.976530134677887,IND,0.9995222285656638,1240,2040,2385,2310,1145,270
./input/Car_Number_Plate\IMG_20200222_171903738_HDR.jpg,IMG_20200222_171903738_HDR.jpg,0.9996967911720276,IND MH47AN2550,0.7456266734730482,1190,2020,2185,2265,995,245
./input/Car_Number_Plate\IMG_20200222_171908968_HDR.jpg,IMG_20200222_171908968_HDR.jpg,0.9999120235443115,MH 06 AZ 3572,0.8803025198437568,1185,2490,2200,2705,1015,215
./input/Car_Number_Plate\IMG_20200222_171913311_HDR.jpg,IMG_20200222_171913311_HDR.jpg,0.9998893737792969,IND MH43BN7456,0.7942092286823943,1195,2595,2080,2810,885,215
./input/Car_Number_Plate\IMG_20200222_171921102.jpg,IMG_20200222_171921102.jpg,0.9989013671875,MH 43 AR 87,0.7144363796503135,1115,2120,2065,2340,950,220
./input/Car_Number_Plate\IMG_20200222_171931450.jpg,IMG_20200222_171931450.jpg,0.9998815059661865,MHg3 DA 4405,0.3221683205183799,1180,2025,2095,2250,915,225
./input/Car_Number_Plate\IMG_20200222_171936955_HDR.jpg,IMG_20200222_171936955_HDR.jpg,0.9999004602432251,IND MKZ3BN9384],0.7130683435888466,1220,1905,2040,2110,820,205
./input/Car_Number_Plate\IMG_20200222_171945129.jpg,IMG_20200222_171945129.jpg,0.9997691512107849,MHA6BK0O15,0.6647520376771747,1395,2830,2345,3040,950,210
./input/Car_Number_Plate\IMG_20200222_171952260.jpg,IMG_20200222_171952260.jpg,0.9998191595077515,IND,0.9997426658342633,1115,2475,2130,2755,1015,280
./input/Car_Number_Plate\IMG_20200222_172035994.jpg,IMG_20200222_172035994.jpg,0.9998315572738647,MH.43.AF.5553,0.6825231397290233,1160,2025,2235,2310,1075,285
./input/Car_Number_Plate\IMG_20200222_172041809.jpg,IMG_20200222_172041809.jpg,0.9995536208152771,MH46AU7614,0.5621066438680219,1210,2240,2060,2445,850,205
./input/Car_Number_Plate\IMG_20200222_172049778.jpg,IMG_20200222_172049778.jpg,0.9998846054077148,Không nhận diện,0.0,1245,2465,2185,2745,940,280
./input/Car_Number_Plate\IMG_20200222_172055662.jpg,IMG_20200222_172055662.jpg,0.9956762790679932,MK 46  A RK A 2145 IND PH . / 1 255000 FONDA,0.5884044808590113,1295,2280,2170,2525,875,245
./input/Car_Number_Plate\IMG_20200222_172111394.jpg,IMG_20200222_172111394.jpg,0.9998472929000854,IND MH43ABO861,0.6736143881467125,1065,2295,2085,2545,1020,250
./input/Car_Number_Plate\IMG_20200222_172118978.jpg,IMG_20200222_172118978.jpg,0.9997748136520386,3088,0.9999814629554749,1105,2565,2135,2835,1030,270
./input/Car_Number_Plate\IMG_20200222_172125713.jpg,IMG_20200222_172125713.jpg,0.9996005296707153,MH 06 As 8520,0.8782266577037959,1315,2255,2260,2480,945,225
./input/Car_Number_Plate\IMG_20200222_172130675.jpg,IMG_20200222_172130675.jpg,0.9998992681503296,IND 6J5CJ1569,0.7948352272570893,1360,2245,2220,2480,860,235
./input/Car_Number_Plate\IMG_20200222_172140611_HDR.jpg,IMG_20200222_172140611_HDR.jpg,0.9977776408195496,MH 02 EE  9301,0.38208136512612717,1295,2260,2130,2450,835,190
./input/Car_Number_Plate\IMG_20200222_173746349_HDR.jpg,IMG_20200222_173746349_HDR.jpg,0.999840497970581,MH 43 BE 4190 JIND,0.7512452578748872,980,2095,1995,2360,1015,265
./input/Car_Number_Plate\IMG_20200222_173759686_HDR.jpg,IMG_20200222_173759686_HDR.jpg,0.9998422861099243,IND,0.7075171555981544,995,2015,1945,2210,950,195
./input/Car_Number_Plate\IMG_20200222_173805542.jpg,IMG_20200222_173805542.jpg,0.999767541885376,MH 46AP3525 IND,0.7135056553704369,1110,2245,2090,2495,980,250
./input/Car_Number_Plate\IMG_20200222_173811724_HDR.jpg,IMG_20200222_173811724_HDR.jpg,0.995076060295105,MH 43 AT 5614 MOTORS27467999,0.9399104869901732,1080,2060,2000,2275,920,215
./input/Car_Number_Plate\IMG_20200222_173818604.jpg,IMG_20200222_173818604.jpg,0.9055927395820618,IND MH Z8P9577,0.8576179867398556,1150,2610,1930,2770,780,160
./input/Car_Number_Plate\IMG_20200222_173835151_HDR.jpg,IMG_20200222_173835151_HDR.jpg,0.931408166885376,MH 43 BN 5062,0.9844786895789888,910,2305,2160,2540,1250,235
./input/Car_Number_Plate\IMG_20200222_174012946.jpg,IMG_20200222_174012946.jpg,0.9993348121643066,IND,0.9997443175898613,1120,2575,1975,2755,855,180
./input/Car_Number_Plate\IMG_20200222_174021233.jpg,IMG_20200222_174021233.jpg,0.9988099932670593,MH.46.AR.1986,0.5873810723258561,1115,2390,2180,2710,1065,320
./input/Car_Number_Plate\IMG_20200222_174035504_HDR.jpg,IMG_20200222_174035504_HDR.jpg,0.9999587535858154,34 MH 43 AT 3535,0.7817724838202988,860,2240,1950,2475,1090,235
./input/Car_Number_Plate\IMG_20200222_174042005_HDR.jpg,IMG_20200222_174042005_HDR.jpg,0.9989293813705444,VICKY CARZONE IND MH 43AR2604,0.7864380378654108,1205,2785,2105,2985,900,200
./input/Car_Number_Plate\IMG_20200222_174056157.jpg,IMG_20200222_174056157.jpg,0.9944190382957458,VD 6J160/4763,0.7553875446211291,1270,2710,2015,2875,745,165
./input/Car_Number_Plate\IMG_20200222_174102284.jpg,IMG_20200222_174102284.jpg,0.9985314607620239,IMH.04.FW.8777,0.7232142242175881,1270,2635,2080,2875,810,240
./input/Car_Number_Plate\IMG_20200222_174111502_HDR.jpg,IMG_20200222_174111502_HDR.jpg,0.9982805848121643,5s MHO3BW34937 931399999,0.6515311061516106,1080,2120,2075,2370,995,250
./input/Car_Number_Plate\IMG_20200222_174117452_HDR.jpg,IMG_20200222_174117452_HDR.jpg,0.9987311363220215,MH.43.AL.6892,0.9746902033966784,1115,2065,2080,2270,965,205
./input/Car_Number_Plate\IMG_20200222_174124512.jpg,IMG_20200222_174124512.jpg,0.9990301132202148,MH 46 N 4367,0.9967346384045638,1125,2220,2075,2405,950,185
./input/Car_Number_Plate\IMG_20200222_174133260_HDR.jpg,IMG_20200222_174133260_HDR.jpg,0.9998070001602173,ID MH12NP8971,0.7999363691401361,1125,2015,1940,2265,815,250
./input/Car_Number_Plate\IMG_20200222_174141319_HDR.jpg,IMG_20200222_174141319_HDR.jpg,0.9998829364776611,MH.46.AP9348,0.9755938656010502,1190,2890,2115,3070,925,180
./input/Car_Number_Plate\IMG_20200222_174157679_HDR.jpg,IMG_20200222_174157679_HDR.jpg,0.9997979402542114,MH 43 AT 6189 00,0.9543362617639579,1190,2070,2035,2285,845,215
./input/Car_Number_Plate\IMG_20200222_174206872.jpg,IMG_20200222_174206872.jpg,0.9924068450927734,MH 02 AY 5129,0.8639553111594097,1165,1995,1740,2230,575,235
./input/Car_Number_Plate\IMG_20200222_174212712.jpg,IMG_20200222_174212712.jpg,0.9970405101776123,MH 09 DM 6732,0.7010185556864479,855,2490,1700,2650,845,160
./input/Car_Number_Plate\IMG_20200222_174221787(1).jpg,IMG_20200222_174221787(1).jpg,0.9998594522476196,MH43.AR.7148,0.7945326348972266,960,2485,1800,2710,840,225
./input/Car_Number_Plate\IMG_20200222_174221787.jpg,IMG_20200222_174221787.jpg,0.9998594522476196,MH43.AR.7148,0.7945326348972266,960,2485,1800,2710,840,225
./input/Car_Number_Plate\IMG_20200222_183617.jpg,IMG_20200222_183617.jpg,0.961965799331665,MH.02.DN.6399,0.36377801583496644,1105,2730,1935,2880,830,150
./input/Car_Number_Plate\IMG_20200222_183627.jpg,IMG_20200222_183627.jpg,0.99969881772995,MH.06 IND AF 5604,0.9968790131604057,1015,2565,1845,2770,830,205
./input/Car_Number_Plate\IMG_20200222_183635.jpg,IMG_20200222_183635.jpg,0.9993151426315308,Mh 04 Jv4739,0.41577945741290145,1175,2585,2085,2815,910,230
./input/Car_Number_Plate\IMG_20200222_183642.jpg,IMG_20200222_183642.jpg,0.9196822643280029,MH43 AL 8755,0.8094624333457825,1130,3100,2005,3275,875,175
./input/Car_Number_Plate\IMG_20200222_183649.jpg,IMG_20200222_183649.jpg,0.9988377094268799,MH.04.AS.7819,0.6986851129628363,1205,2970,1950,3145,745,175
./input/Car_Number_Plate\IMG_20200222_183656.jpg,IMG_20200222_183656.jpg,0.9997367262840271,MHO6AH9535,0.33385521404502383,1155,3115,2010,3340,855,225
./input/Car_Number_Plate\IMG_20200222_183702.jpg,IMG_20200222_183702.jpg,0.999946117401123,IND MHZ3BUO586,0.8214304194122956,1085,2400,1885,2600,800,200
./input/Car_Number_Plate\IMG_20200222_183708.jpg,IMG_20200222_183708.jpg,0.9886054396629333,MH 06 BM 2977,0.9400720162741802,1050,2700,2085,2905,1035,205
./input/Car_Number_Plate\IMG_20200222_183718.jpg,IMG_20200222_183718.jpg,0.9995759129524231,MHO8.BE9511,0.6984363228762862,1110,2535,2125,2720,1015,185
./input/Car_Number_Plate\IMG_20200222_183742.jpg,IMG_20200222_183742.jpg,0.99993896484375,IND RJI4CY4986,0.893899278550337,1020,2705,1975,2950,955,245
./input/Car_Number_Plate\IMG_20200222_183753.jpg,IMG_20200222_183753.jpg,0.9992902278900146,MH.01 AR 7547 orDea,0.7427101553824249,1145,2575,2035,2775,890,200
./input/Car_Number_Plate\IMG_20200222_183802.jpg,IMG_20200222_183802.jpg,0.999653160572052,MH 46 AL 810,0.9484551132573715,1030,2570,1910,2755,880,185
./input/Car_Number_Plate\IMG_20200222_183811.jpg,IMG_20200222_183811.jpg,0.9843260645866394,MH. 46.BE.191,0.7169764013363628,1255,2885,1810,3010,555,125
./input/Car_Number_Plate\IMG_20200222_183818.jpg,IMG_20200222_183818.jpg,0.9995536208152771,MH.01.DB.7784,0.5053777575862766,1125,2925,1915,3120,790,195
./input/Car_Number_Plate\IMG_20200222_183851.jpg,IMG_20200222_183851.jpg,0.9996806979179382,HHO1AL 7888,0.5826462063745301,990,2440,1825,2650,835,210
./input/Car_Number_Plate\IMG_20200222_183851.jpg,IMG_20200222_183851.jpg,0.5037010312080383,Không nhận diện,0.0,2310,1775,2625,1880,315,105
./input/Car_Number_Plate\IMG_20200222_183901.jpg,IMG_20200222_183901.jpg,0.9995835423469543,MH 46 AL0298,0.7135947818260809,1020,2530,1875,2750,855,220
./input/Car_Number_Plate\IMG_20200222_183908.jpg,IMG_20200222_183908.jpg,0.9999163150787354,INU MH14HH2041,0.5820260484693232,1135,2325,1905,2515,770,190
./input/Car_Number_Plate\IMG_20200222_183914.jpg,IMG_20200222_183914.jpg,0.9998903274536133,MH 43 X 3024,0.5188673483791173,1270,2210,2135,2445,865,235
./input/Car_Number_Plate\IMG_20200222_183921.jpg,IMG_20200222_183921.jpg,0.9992169737815857,MH 46 X 6519,0.947346880531645,1170,2275,2090,2480,920,205
./input/Car_Number_Plate\IMG_20200222_183928.jpg,IMG_20200222_183928.jpg,0.9998612403869629,MH 01 AH 4103,0.9990255457066448,1120,3075,2065,3270,945,195
./input/Car_Number_Plate\IMG_20200222_183941.jpg,IMG_20200222_183941.jpg,0.9973317384719849,MH 46 AU 2914,0.6796547015815885,1085,2975,2015,3190,930,215
./input/Car_Number_Plate\IMG_20200222_183952.jpg,IMG_20200222_183952.jpg,0.7853313088417053,Mh 02,0.8282214269892167,1040,3120,2055,3360,1015,240
./input/Car_Number_Plate\IMG_20200222_184013.jpg,IMG_20200222_184013.jpg,0.9994363784790039,Mh 46412704 41575700,0.7365244949632266,1235,2835,2005,3035,770,200
./input/Car_Number_Plate\IMG_20200222_184024.jpg,IMG_20200222_184024.jpg,0.9992762804031372,Không nhận diện,0.0,1185,2555,1980,2765,795,210
./input/Car_Number_Plate\IMG_20200222_184043.jpg,IMG_20200222_184043.jpg,0.9940713047981262,MMI |ABBK 4512,0.34481518608541933,1035,2025,2095,2255,1060,230
./input/Car_Number_Plate\IMG_20200222_184054.jpg,IMG_20200222_184054.jpg,0.9991090297698975,MH 46 W 454,0.8182188401757482,1140,2220,2195,2475,1055,255
./input/Car_Number_Plate\IMG_20200222_184105.jpg,IMG_20200222_184105.jpg,0.9998897314071655,MH.12.GN 2449,0.7820378916579646,1360,2240,2210,2445,850,205
./input/Car_Number_Plate\IMG_20200222_184117.jpg,IMG_20200222_184117.jpg,0.99974524974823,IND 4315152,0.7658668177942984,1400,2640,2215,2855,815,215
./input/Car_Number_Plate\IMG_20200222_184128.jpg,IMG_20200222_184128.jpg,0.9983990788459778,MH (} JIA 7690,0.756895736151716,1320,2115,2140,2325,820,210
./input/Car_Number_Plate\IMG_20200222_184138.jpg,IMG_20200222_184138.jpg,0.9997985363006592,MHZ3AN1857,0.46176091161422983,1205,2915,2195,3150,990,235
./input/Car_Number_Plate\IMG_20200222_184205.jpg,IMG_20200222_184205.jpg,0.9938423037528992,VicKY CAR ZONE ind MH 46 AP 9819,0.7982086614210462,1030,2020,2095,2260,1065,240
./input/Car_Number_Plate\IMG_20200222_184217.jpg,IMG_20200222_184217.jpg,0.9996907114982605,HH 46 BA 8931,0.8046681476984046,1380,2520,2185,2715,805,195
./input/Car_Number_Plate\IMG_20200222_184300.jpg,IMG_20200222_184300.jpg,0.9998899698257446,MH 14FX 2334,0.9955535698930873,1065,2720,2120,2960,1055,240
./input/Car_Number_Plate\IMG_20200222_184310.jpg,IMG_20200222_184310.jpg,0.9998565912246704,MH 46 BK 2672,0.9965048668015627,1110,2480,1960,2680,850,200
./input/Car_Number_Plate\IMG_20200222_184357.jpg,IMG_20200222_184357.jpg,0.999933123588562,MH 46 AL 0081,0.6099995446186989,1160,1950,2165,2170,1005,220
./input/Car_Number_Plate\IMG_20200222_184407.jpg,IMG_20200222_184407.jpg,0.9998087882995605,MHOIBF 2968,0.888312082142403,1215,2210,2260,2455,1045,245
./input/Car_Number_Plate\IMG_20200222_184425.jpg,IMG_20200222_184425.jpg,0.9987707734107971,MH43 AB 6460,0.9279563444685042,1240,2300,2130,2505,890,205
./input/Car_Number_Plate\IMG_20200222_184434.jpg,IMG_20200222_184434.jpg,0.9995729327201843,"MH.,43.8N.2548",0.5897457257537811,1105,2060,2185,2310,1080,250
./input/Car_Number_Plate\IMG_20200222_184442.jpg,IMG_20200222_184442.jpg,0.9998676776885986,MH 46 BK 1154,0.9638092968030345,1035,2430,2260,2675,1225,245
./input/Car_Number_Plate\IMG_20200222_184452.jpg,IMG_20200222_184452.jpg,0.999721348285675,HR 21J3930,0.5281544414071956,1165,2020,2145,2245,980,225
./input/Car_Number_Plate\IMG_20200222_184503.jpg,IMG_20200222_184503.jpg,0.7475178241729736,MH 46 BK 5641,0.5340173394409807,1005,2465,2185,2615,1180,150
./input/Car_Number_Plate\IMG_20200222_184518.jpg,IMG_20200222_184518.jpg,0.999595582485199,HHOZDY1087,0.7066970460415917,1040,2165,2090,2425,1050,260
./input/Car_Number_Plate\IMG_20200222_184537.jpg,IMG_20200222_184537.jpg,0.9993273019790649,MH 43 BN 0314,0.8786066710962741,1145,2020,2100,2235,955,215
./input/Car_Number_Plate\IMG_20200222_184556.jpg,IMG_20200222_184556.jpg,0.999813437461853,NHO34Z9249,0.3041986722794989,1235,2835,2155,3085,920,250
./input/Car_Number_Plate\IMG_20200222_184605.jpg,IMG_20200222_184605.jpg,0.998055636882782,MH.46.X.422,0.9102106988219356,1005,2210,2120,2485,1115,275
./input/Car_Number_Plate\IMG_20200222_184620.jpg,IMG_20200222_184620.jpg,0.9794949889183044,MVH 46 A 9,0.8590818000837958,970,2095,2085,2325,1115,230
./input/Car_Number_Plate\IMG_20200222_184636.jpg,IMG_20200222_184636.jpg,0.9998267889022827,MHO54J8811,0.850018775227382,1265,2650,2210,2870,945,220
./input/Car_Number_Plate\IMG_20200222_184704.jpg,IMG_20200222_184704.jpg,0.9903727173805237,MH 43 BK 1561,0.973575122318769,1005,2705,2225,2880,1220,175
./input/Car_Number_Plate\IMG_20200222_184727.jpg,IMG_20200222_184727.jpg,0.9999550580978394,MH 43 AK 6181,0.3824575296522297,1165,2050,2085,2320,920,270
./input/Car_Number_Plate\IMG_20200222_184741.jpg,IMG_20200222_184741.jpg,0.999834418296814,MH.43.BK.1848,0.5957173902516609,1085,2075,2125,2285,1040,210
./input/Car_Number_Plate\IMG_20200222_184814.jpg,IMG_20200222_184814.jpg,0.9997093081474304,PBO2 BL 0927,0.8257550939356572,1105,1960,2145,2210,1040,250
./input/Car_Number_Plate\IMG_20200222_184829.jpg,IMG_20200222_184829.jpg,0.9998037219047546,KH 43AL 4433,0.45603350857903363,1290,1875,2170,2135,880,260
./input/Car_Number_Plate\IMG_20200222_184922.jpg,IMG_20200222_184922.jpg,0.9954354763031006,MH 01 BU 5731,0.9522107930892446,1110,2475,2290,2785,1180,310
./input/Car_Number_Plate\IMG_20200222_184933.jpg,IMG_20200222_184933.jpg,0.9993953704833984,MH42AH 8848,0.720303517084757,960,2660,2100,2920,1140,260
./input/Car_Number_Plate\IMG_20200222_184947.jpg,IMG_20200222_184947.jpg,0.9989824891090393,MH.48.P.8135,0.7005188129530768,975,3135,2250,3400,1275,265
./input/Car_Number_Plate\IMG_20200222_185003.jpg,IMG_20200222_185003.jpg,0.9997968673706055,HHO4GUo372,0.49363766800413084,1025,2475,2165,2745,1140,270
./input/Car_Number_Plate\IMG_20200222_185013.jpg,IMG_20200222_185013.jpg,0.9996082782745361,D MHZ3BK7131,0.6033320060544651,1210,3265,2255,3555,1045,290
./input/Car_Number_Plate\IMG_20200222_185032.jpg,IMG_20200222_185032.jpg,0.9955149292945862,MH 03 CM 5990,0.8894464236151551,975,3285,2245,3530,1270,245
./input/Car_Number_Plate\IMG_20200222_185657.jpg,IMG_20200222_185657.jpg,0.9999417066574097,IND MHO ZKD7750,0.5892022560904248,1085,1930,1710,2095,625,165
./input/Car_Number_Plate\IMG_20200222_185715.jpg,IMG_20200222_185715.jpg,0.9971503019332886,DL 1 CV 8192,0.39685933054732936,1135,1750,1765,1900,630,150
./input/Car_Number_Plate\IMG_20200222_185737.jpg,IMG_20200222_185737.jpg,0.9998769760131836,IND MHZ3BN6647,0.6734221035175968,1105,2000,1835,2195,730,195
./input/Car_Number_Plate\IMG_20200222_185830.jpg,IMG_20200222_185830.jpg,0.9986520409584045,MH 01 BF 6622 Audi Approved,0.9401887924608151,1065,1865,1880,2030,815,165
./input/Car_Number_Plate\IMG_20200222_185917.jpg,IMG_20200222_185917.jpg,0.9998763799667358,Ind MH12AF3190,0.4532772076365049,1185,1855,2055,2085,870,230
./input/Car_Number_Plate\IMG_20200222_185959.jpg,IMG_20200222_185959.jpg,0.744827926158905,Mh 05 4071,0.7717104999607156,1070,1845,1895,1980,825,135
./input/Car_Number_Plate\IMG_20200222_190011.jpg,IMG_20200222_190011.jpg,0.9966212511062622,MH 46 W 2944,0.9410048464526639,1015,1850,1660,2030,645,180
./input/Car_Number_Plate\IMG_20200222_190025.jpg,IMG_20200222_190025.jpg,0.9922205805778503,MH 02 CP 6833 Shivam AUTOZONE 410 99999,0.9032158176668205,1090,2135,1885,2300,795,165
./input/Car_Number_Plate\IMG_20200222_190044.jpg,IMG_20200222_190044.jpg,0.9987615942955017,MH12 OF 982-,0.5887468855017601,1220,2185,1810,2345,590,160
./input/Car_Number_Plate\IMG_20200222_190113.jpg,IMG_20200222_190113.jpg,0.9997179508209229,MH 3 AR 2877,0.8261420790939553,1105,2330,1810,2505,705,175
./input/Car_Number_Plate\IMG_20200222_190132.jpg,IMG_20200222_190132.jpg,0.9999628067016602,IND 6J01hY8802,0.6923849845367399,945,1915,1840,2155,895,240
./input/Car_Number_Plate\IMG_20200222_190154.jpg,IMG_20200222_190154.jpg,0.9997996687889099,MH.03.BE.0866,0.9963505804229262,960,2310,1885,2525,925,215
./input/Car_Number_Plate\IMG_20200222_190200.jpg,IMG_20200222_190200.jpg,0.9999059438705444,KH 06 AH 9118,0.5356719908446178,1015,2480,1805,2675,790,195
./input/Car_Number_Plate\IMG_20200222_190229.jpg,IMG_20200222_190229.jpg,0.9996289014816284,MH.43.AR.8213,0.5817623363059475,1160,1980,1795,2110,635,130
./input/Car_Number_Plate\IMG_20200222_190244.jpg,IMG_20200222_190244.jpg,0.999871015548706,MH 43 BK 6165,0.7257057496196804,1030,2445,1925,2660,895,215
./input/Car_Number_Plate\IMG_20200222_190518.jpg,IMG_20200222_190518.jpg,0.9922991991043091,8h23 N 7135,0.591898004828477,925,2055,2010,2280,1085,225
./input/Car_Number_Plate\IMG_20200222_190558.jpg,IMG_20200222_190558.jpg,0.9659865498542786,MH 43 BK 6592,0.6944837464385095,1095,1970,1875,2145,780,175
./input/Car_Number_Plate\IMG_20200222_190644.jpg,IMG_20200222_190644.jpg,0.9970502853393555,Mh 46 8K 3?~2,0.3531221702210864,965,2545,1895,2750,930,205
./input/Car_Number_Plate\IMG_20200222_190646.jpg,IMG_20200222_190646.jpg,0.999396562576294,MH 43 AJ 3704,0.9977122707457862,1155,2340,2015,2530,860,190
./input/Car_Number_Plate\IMG_20200222_190649.jpg,IMG_20200222_190649.jpg,0.9988492131233215,ND MHO IAE2717,0.7648579811320937,1110,1975,1900,2155,790,180
./input/Car_Number_Plate\IMG_20200222_190704.jpg,IMG_20200222_190704.jpg,0.9996927976608276,Không nhận diện,0.0,975,2450,1970,2680,995,230
./input/Car_Number_Plate\IMG_20200222_190707.jpg,IMG_20200222_190707.jpg,0.999946117401123,Không nhận diện,0.0,910,1600,2050,1880,1140,280
./input/Car_Number_Plate\IMG_20200222_190711.jpg,IMG_20200222_190711.jpg,0.9998383522033691,Không nhận diện,0.0,970,1535,2110,1865,1140,330
./input/Car_Number_Plate\IMG_20200222_190721.jpg,IMG_20200222_190721.jpg,0.9969967007637024,MH 43 AR 9526,0.6180021711677061,990,2850,2045,3080,1055,230
./input/Car_Number_Plate\IMG_20200222_190738.jpg,IMG_20200222_190738.jpg,0.9971176385879517,MH.04.DN.9676,0.7575280979955965,925,3030,2045,3300,1120,270
./input/Car_Number_Plate\IMG_20200222_190753.jpg,IMG_20200222_190753.jpg,0.995786190032959,MH 43 BE 9517,0.8700530117396365,925,2180,2135,2380,1210,200
./input/Car_Number_Plate\IMG_20200222_191044.jpg,IMG_20200222_191044.jpg,0.9981492757797241,MH434F4459,0.7861325345005552,1040,1980,1970,2195,930,215
./input/Car_Number_Plate\IMG_20200222_191046.jpg,IMG_20200222_191046.jpg,0.9371329545974731,Ind MH 434F4459,0.3786918973936796,985,2035,1980,2250,995,215
./input/Car_Number_Plate\IMG_20200222_191109.jpg,IMG_20200222_191109.jpg,0.8985036015510559,HHIZEP7731 Monna,0.4206959488397277,890,1905,1950,2125,1060,220
./input/Car_Number_Plate\IMG_20200222_191116.jpg,IMG_20200222_191116.jpg,0.9996877312660217,MH BE 8035 43,0.9951662100691901,1190,2660,2055,2930,865,270
./input/Car_Number_Plate\IMG_20200222_191133.jpg,IMG_20200222_191133.jpg,0.9997701644897461,MH.04.GU.5031,0.8256483277565941,955,2560,1970,2845,1015,285
./input/Car_Number_Plate\IMG_20200222_191143.jpg,IMG_20200222_191143.jpg,0.9997144341468811,MH 046-5601,0.6285174496384375,1120,2405,2055,2655,935,250
./input/Car_Number_Plate\IMG_20200222_191224.jpg,IMG_20200222_191224.jpg,0.922079861164093,AF 5308 06 MH,0.9745741144315756,1150,2610,2060,2905,910,295
./input/Car_Number_Plate\IMG_20200222_191244.jpg,IMG_20200222_191244.jpg,0.9991721510887146,MH. 43.AR .8641,0.7778035629819606,1040,2100,1980,2295,940,195
./input/Car_Number_Plate\IMG_20200222_191257.jpg,IMG_20200222_191257.jpg,0.9958934187889099,M#,0.6623297881996577,1055,1770,2035,2125,980,355
./input/Car_Number_Plate\IMG_20200222_191316.jpg,IMG_20200222_191316.jpg,0.9465370774269104,MH 46 W 5955,0.9759109451491934,1075,2200,2050,2380,975,180
./input/Car_Number_Plate\IMG_20200222_191443.jpg,IMG_20200222_191443.jpg,0.9694502353668213,MH 03 BE 6614,0.7728719694541206,1070,2315,1995,2470,925,155
./input/Car_Number_Plate\IMG_20200222_210951937.jpg,IMG_20200222_210951937.jpg,0.9941540956497192,MH 43 AR 4793,0.8585550201076758,1340,1930,2150,2100,810,170
./input/Car_Number_Plate\IMG_20200222_211136244.jpg,IMG_20200222_211136244.jpg,0.9994503855705261,MH 43 R 2969,0.9662221076098585,1300,1740,1910,1890,610,150
./input/Car_Number_Plate\IMG_20200222_211223379.jpg,IMG_20200222_211223379.jpg,0.9998928308486938,MHZ3BK9411,0.43667021859735655,1180,2220,2075,2440,895,220
./input/Car_Number_Plate\IMG_20200222_212357.jpg,IMG_20200222_212357.jpg,0.9993812441825867,MH.13.AC.8671,0.7178497181431966,1235,1875,1910,2040,675,165
./input/Car_Number_Plate\IMG_20200222_212521.jpg,IMG_20200222_212521.jpg,0.9996330142021179,MH 43Y /001,0.4355707084877123,1210,1905,1885,2100,675,195
./input/Car_Number_Plate\IMG_20200222_212530.jpg,IMG_20200222_212530.jpg,0.9916849136352539,Mh 01ct 7069,0.4809052365054025,1195,2570,1960,2755,765,185
./input/Car_Number_Plate\IMG_20200222_212538.jpg,IMG_20200222_212538.jpg,0.9411994814872742,IND HP15Ca2492,0.5381450180385419,1145,2705,2030,2840,885,135
./input/Car_Number_Plate\IMG_20200222_212550.jpg,IMG_20200222_212550.jpg,0.9205177426338196,R MH 43 6360,0.9992270221713244,975,3095,2130,3385,1155,290
./input/Car_Number_Plate\IMG_20200222_212557.jpg,IMG_20200222_212557.jpg,0.9996781945228577,MH.04.ET.4065,0.9534862539440991,1035,2745,2035,2940,1000,195
./input/Car_Number_Plate\IMG_20200222_212616.jpg,IMG_20200222_212616.jpg,0.999575138092041,MH 43 AWO209,0.5898120722686546,1330,2115,2180,2320,850,205
./input/Car_Number_Plate\IMG_20200222_212643.jpg,IMG_20200222_212643.jpg,0.9940440654754639,MH.15.EX.7466,0.630986297537098,1215,2235,1995,2405,780,170
./input/Car_Number_Plate\IMG_20200222_212723.jpg,IMG_20200222_212723.jpg,0.9994149804115295,Không nhận diện,0.0,1000,3025,2105,3360,1105,335
./input/Car_Number_Plate\IMG_20200222_212746.jpg,IMG_20200222_212746.jpg,0.9743887186050415,MH 04 AY 8452,0.8824865235414169,1140,2775,2095,2985,955,210
./input/Car_Number_Plate\IMG_20200222_212757.jpg,IMG_20200222_212757.jpg,0.9603540301322937,AT HH 43AN9079,0.43091451657511887,1035,2065,1760,2245,725,180
./input/Car_Number_Plate\IMG_20200222_212805.jpg,IMG_20200222_212805.jpg,0.9925578236579895,MH 43 BE 8167,0.8044679425601124,1205,2730,2040,2945,835,215
./input/Car_Number_Plate\IMG_20200222_213450.jpg,IMG_20200222_213450.jpg,0.9995760917663574,[TN 22BK6694,0.7251298128403999,1145,2505,2025,2730,880,225
./input/Car_Number_Plate\IMG_20200222_213640.jpg,IMG_20200222_213640.jpg,0.9998658895492554,IND,0.9851420907348899,1030,1845,1885,2085,855,240
./input/Car_Number_Plate\IMG_20200222_213707.jpg,IMG_20200222_213707.jpg,0.9999094009399414,IND DL2CAU3094,0.509072277728289,1100,1920,1920,2130,820,210
./input/Car_Number_Plate\IMG_20200222_213717.jpg,IMG_20200222_213717.jpg,0.9998495578765869,Không nhận diện,0.0,1160,2155,1960,2390,800,235
./input/Car_Number_Plate\IMG_20200222_213742.jpg,IMG_20200222_213742.jpg,0.8545958399772644,H43 BK 15,0.6205410413500261,1330,1975,1830,2115,500,140
./input/Car_Number_Plate\IMG_20200222_213752.jpg,IMG_20200222_213752.jpg,0.9964749217033386,MH 43 R 109,0.9662425985380478,1055,2285,1730,2460,675,175
./input/Car_Number_Plate\IMG_20200222_213946.jpg,IMG_20200222_213946.jpg,0.9974256753921509,MHO ZBNZ6 17,0.3069336745878238,1700,2035,2345,2175,645,140
./input/Car_Number_Plate\IMG_20200222_214701546.jpg,IMG_20200222_214701546.jpg,0.6567726135253906,HALLMARK HONDA MH 46 AL 841,0.8504296733263945,1075,1790,2175,1965,1100,175
./input/Car_Number_Plate\IMG_20200222_214713168.jpg,IMG_20200222_214713168.jpg,0.9994577169418335,Không nhận diện,0.0,1000,1920,2065,2180,1065,260
./input/Car_Number_Plate\IMG_20200222_215137123.jpg,IMG_20200222_215137123.jpg,0.999796986579895,TN 07 CJ 2741,0.535607952009786,1190,2110,2130,2345,940,235
./input/Car_Number_Plate\IMG_20200222_215146186.jpg,IMG_20200222_215146186.jpg,0.9993177056312561,MH.06.As.9783,0.30818113224320265,1185,2105,2195,2335,1010,230
./input/Car_Number_Plate\IMG_20200222_215155568.jpg,IMG_20200222_215155568.jpg,0.9928749799728394,MH 43 AT ?610,0.9032896092600614,1190,2390,2150,2585,960,195
./input/Car_Number_Plate\IMG_20200222_215205997.jpg,IMG_20200222_215205997.jpg,0.999889612197876,MH43 BK 0036,0.6527759785026087,1030,2580,2025,2775,995,195
./input/Car_Number_Plate\IMG_20200222_215219770.jpg,IMG_20200222_215219770.jpg,0.9992759227752686,MH.46.W.1543,0.9887886584396897,1100,1870,2075,2135,975,265
./input/Car_Number_Plate\IMG_20200222_215226163.jpg,IMG_20200222_215226163.jpg,0.999824047088623,Mh 02 DJ 4122,0.7374396886376526,1270,1705,2110,1920,840,215
./input/Car_Number_Plate\IMG_20200222_215235704.jpg,IMG_20200222_215235704.jpg,0.9998520612716675,MH 14 DN 5203,0.9842997618172539,1105,1760,2040,1970,935,210
./input/Car_Number_Plate\IMG_20200222_215346196.jpg,IMG_20200222_215346196.jpg,0.9954858422279358,MH 06 T 7824,0.8432786699247157,1035,2600,2090,2815,1055,215
./input/Car_Number_Plate\IMG_20200222_215351999.jpg,IMG_20200222_215351999.jpg,0.7579609751701355,MH 12 MF 8676,0.551403472214406,1165,2420,2205,2630,1040,210
./input/Car_Number_Plate\IMG_20200222_215400500.jpg,IMG_20200222_215400500.jpg,0.9974706768989563,MHO6 Aw 485,0.7625308245859269,1095,2375,2120,2550,1025,175
./input/Car_Number_Plate\IMG_20200222_215406000.jpg,IMG_20200222_215406000.jpg,0.9459848403930664,MH 14 EY 9221 MoTORs,0.7405167551867106,1255,2055,2070,2240,815,185
./input/Car_Number_Plate\IMG_20200222_215412815.jpg,IMG_20200222_215412815.jpg,0.9981198906898499,MH17 AS2091,0.7972585142380959,1265,1915,2090,2140,825,225
./input/Car_Number_Plate\IMG_20200222_215435393.jpg,IMG_20200222_215435393.jpg,0.9987193942070007,MH 43 BE 9015,0.5456603718789409,1145,1660,1935,1830,790,170
./input/Car_Number_Plate\IMG_20200222_215442401.jpg,IMG_20200222_215442401.jpg,0.9998362064361572,IND HHOZFAO302,0.5479523153320597,1145,1915,2170,2210,1025,295
./input/Car_Number_Plate\IMG_20200222_215454414.jpg,IMG_20200222_215454414.jpg,0.871396005153656,;H 01 AR 6349,0.9269872531048802,1190,2430,2140,2650,950,220
./input/Car_Number_Plate\IMG_20200222_215457987.jpg,IMG_20200222_215457987.jpg,0.9973167777061462,Không nhận diện,0.0,1140,2470,2050,2630,910,160
./input/Car_Number_Plate\IMG_20200222_215510116.jpg,IMG_20200222_215510116.jpg,0.7665579319000244,MHỎ6 AF 8052,0.4902618814090739,1150,1830,2180,2035,1030,205
./input/Car_Number_Plate\IMG_20200222_215523747.jpg,IMG_20200222_215523747.jpg,0.9996535181999207,MH.02.AY.3945,0.8602308977241746,1140,2585,2080,2750,940,165
./input/Car_Number_Plate\IMG_20200222_215558273.jpg,IMG_20200222_215558273.jpg,0.999146044254303,MH 43 AL 1847,0.7277168641242763,1105,2270,2145,2490,1040,220
./input/Car_Number_Plate\IMG_20200222_215610092.jpg,IMG_20200222_215610092.jpg,0.9994654059410095,MHO1CD4327,0.6463931628213285,1380,2420,2125,2620,745,200
./input/Car_Number_Plate\IMG_20200222_215704311.jpg,IMG_20200222_215704311.jpg,0.9990381002426147,Không nhận diện,0.0,905,2540,2025,2785,1120,245
./input/Car_Number_Plate\IMG_20200222_215713977.jpg,IMG_20200222_215713977.jpg,0.9992292523384094,MH 43 V 2448,0.9669065009688445,960,1940,1865,2150,905,210
./input/Car_Number_Plate\IMG_20200222_215720197.jpg,IMG_20200222_215720197.jpg,0.9978799223899841,MH 43BE 4728,0.9541908924274942,1265,2300,2075,2465,810,165
./input/Car_Number_Plate\IMG_20200222_215723.jpg,IMG_20200222_215723.jpg,0.6791913509368896,MH 43 AL 551,0.9980721501362154,885,2325,2280,2735,1395,410
./input/Car_Number_Plate\IMG_20200222_215728981.jpg,IMG_20200222_215728981.jpg,0.9996219873428345,BN my 5196 MH43 car,0.9981492672412712,1090,2125,2140,2420,1050,295
./input/Car_Number_Plate\IMG_20200222_215738688.jpg,IMG_20200222_215738688.jpg,0.999239981174469,MH-14 BX-7866,0.9105925768538817,1160,1860,2085,2075,925,215
./input/Car_Number_Plate\IMG_20200222_215745002.jpg,IMG_20200222_215745002.jpg,0.9992765784263611,5927 MHOIYA,0.733893304413558,1155,1910,2155,2220,1000,310
./input/Car_Number_Plate\IMG_20200222_215756959.jpg,IMG_20200222_215756959.jpg,0.9975761771202087,MH 43 BK 8262,0.9998841747406331,1195,2430,2120,2580,925,150
./input/Car_Number_Plate\IMG_20200222_215806342.jpg,IMG_20200222_215806342.jpg,0.9995152354240417,JND MH 02 4570 AU,0.8249673934311728,1145,2335,2130,2585,985,250
./input/Car_Number_Plate\IMG_20200222_215811775.jpg,IMG_20200222_215811775.jpg,0.9996123313903809,MH.O2.KA.9839,0.4053657048764127,1210,1925,2205,2150,995,225
./input/Car_Number_Plate\IMG_20200222_215816668.jpg,IMG_20200222_215816668.jpg,0.9997705817222595,MH 43 Y 7470,0.7344233078372322,1260,2540,2215,2750,955,210
./input/Car_Number_Plate\IMG_20200222_215834114.jpg,IMG_20200222_215834114.jpg,0.9977361559867859,MHOADW 89i7 IND,0.7190764119530939,1050,2135,2215,2355,1165,220
./input/Car_Number_Plate\IMG_20200222_215841961.jpg,IMG_20200222_215841961.jpg,0.7703722715377808,MH 43 BE 1014,0.7125573972311088,1130,2245,2250,2400,1120,155
./input/Car_Number_Plate\IMG_20200222_220030172.jpg,IMG_20200222_220030172.jpg,0.9995714426040649,MHOIAV6399,0.9665064162271674,1030,2225,1990,2440,960,215
./input/Car_Number_Plate\IMG_20200222_220052875.jpg,IMG_20200222_220052875.jpg,0.9997797608375549,MH.15.GF.9667,0.5064655448794833,1170,2685,2115,2940,945,255
./input/Car_Number_Plate\IMG_20200222_220106033.jpg,IMG_20200222_220106033.jpg,0.9998668432235718,"""MH Z3 X 7860",0.35700308653926016,1135,2175,2145,2445,1010,270
./input/Car_Number_Plate\IMG_20200222_220113671.jpg,IMG_20200222_220113671.jpg,0.9944191575050354,MH,0.769143379413187,1025,2405,2120,2725,1095,320
./input/Car_Number_Plate\IMG_20200222_220142625.jpg,IMG_20200222_220142625.jpg,0.9975804090499878,Không nhận diện,0.0,1025,2480,2140,2745,1115,265
./input/Car_Number_Plate\IMG_20200222_220149387.jpg,IMG_20200222_220149387.jpg,0.9895085096359253,MH O1 BF 7699,0.6730783284351052,1025,2215,2100,2485,1075,270
./input/Car_Number_Plate\IMG_20200222_220158822.jpg,IMG_20200222_220158822.jpg,0.9976556897163391,MH.06.AW.5780,0.9735937725745423,1065,2320,2220,2570,1155,250
./input/Car_Number_Plate\IMG_20200222_220210117.jpg,IMG_20200222_220210117.jpg,0.929595410823822,MH 43 L 3319,0.7934028978564278,1105,2245,2060,2420,955,175
./input/Car_Number_Plate\IMG_20200222_220229913.jpg,IMG_20200222_220229913.jpg,0.9950616955757141,Không nhận diện,0.0,1245,2335,2080,2530,835,195
./input/Car_Number_Plate\IMG_20200222_220313170.jpg,IMG_20200222_220313170.jpg,0.9868640303611755,"AP,9.B5.8218",0.3075841319573596,1265,2625,2120,2795,855,170
./input/Car_Number_Plate\IMG_20200222_220321806.jpg,IMG_20200222_220321806.jpg,0.9985274076461792,MH.43.AF.4192,0.7575020756249503,1125,2715,2120,2970,995,255
./input/Car_Number_Plate\IMG_20200222_220330921.jpg,IMG_20200222_220330921.jpg,0.9997528791427612,MH 46 5981 BE,0.8260336648859399,1150,2390,2125,2665,975,275
./input/Car_Number_Plate\IMG_20200222_220354910.jpg,IMG_20200222_220354910.jpg,0.9978951811790466,KL 20 C 6961 DIVINE CAR CARE,0.8479037945804799,1165,2610,2110,2840,945,230
./input/Car_Number_Plate\IMG_20200222_220407771.jpg,IMG_20200222_220407771.jpg,0.9920523166656494,HH 43 AH 2677,0.5397109794119159,960,2210,2135,2460,1175,250
./input/Car_Number_Plate\IMG_20200222_220414174.jpg,IMG_20200222_220414174.jpg,0.9822513461112976,MH 43 AN 1304,0.9305605491513869,1150,2120,2075,2340,925,220
./input/Car_Number_Plate\IMG_20200222_220508291.jpg,IMG_20200222_220508291.jpg,0.9997225403785706,MH43BE6165,0.7478973068523916,1175,1445,2050,1665,875,220
./input/Car_Number_Plate\IMG_20200222_220518856.jpg,IMG_20200222_220518856.jpg,0.9124632477760315,MH43 AL 2439,0.7568956814212695,1055,2265,2260,2545,1205,280
./input/Car_Number_Plate\IMG_20200222_220538708.jpg,IMG_20200222_220538708.jpg,0.6913291811943054,KHO 10K5375,0.4916349361531867,1105,1610,2020,1805,915,195
./input/Car_Number_Plate\IMG_20200222_220552164.jpg,IMG_20200222_220552164.jpg,0.9984554052352905,MH43AN 5355,0.531368955581823,1185,1605,1940,1790,755,185
./input/Car_Number_Plate\IMG_20200222_220601451.jpg,IMG_20200222_220601451.jpg,0.9953784346580505,AP Cd 1653 29,0.8790523244162202,1105,1930,2050,2170,945,240
./input/Car_Number_Plate\IMG_20200222_220644547.jpg,IMG_20200222_220644547.jpg,0.9981275796890259,MHi2EM. 5561,0.915980830394093,1165,1805,1980,1985,815,180
./input/Car_Number_Plate\IMG_20200222_220757784.jpg,IMG_20200222_220757784.jpg,0.9539557099342346,ID,0.6579970077844717,1225,1605,2095,1890,870,285
./input/Car_Number_Plate\IMG_20200222_220800386.jpg,IMG_20200222_220800386.jpg,0.9430562257766724,JMHO6A25914,0.3180852349081422,1270,1885,2100,2100,830,215
./input/Car_Number_Plate\IMG_20200222_220816820.jpg,IMG_20200222_220816820.jpg,0.6596699357032776,MH438E5472,0.8449234914034626,975,2285,1885,2430,910,145
./input/Car_Number_Plate\IMG_20200222_220827459.jpg,IMG_20200222_220827459.jpg,0.9995233416557312,MH.06.BE.4187,0.6363925215122878,945,2025,2065,2240,1120,215
./input/Car_Number_Plate\IMG_20200222_220857774.jpg,IMG_20200222_220857774.jpg,0.8976432085037231,MH 43 K 3725,0.760270251834148,845,1880,2050,2095,1205,215
./input/Car_Number_Plate\IMG_20200222_220921432.jpg,IMG_20200222_220921432.jpg,0.9956814050674438,MH 43 X 3876,0.9945832518308279,885,2260,2055,2520,1170,260
./input/Car_Number_Plate\IMG_20200222_220935227.jpg,IMG_20200222_220935227.jpg,0.5927608013153076,MH 43 AN 2910,0.9496163095302604,900,2025,2075,2295,1175,270
./input/Car_Number_Plate\IMG_20200222_220940480.jpg,IMG_20200222_220940480.jpg,0.9993640780448914,MH 43 AR 5366,0.6526976540400535,830,2055,2000,2320,1170,265
./input/Car_Number_Plate\IMG_20200222_220953158.jpg,IMG_20200222_220953158.jpg,0.9642821550369263,MH 43AN PH.022 4330 41575700,0.7012113121135172,1040,2805,2260,3095,1220,290
./input/Car_Number_Plate\IMG_20200222_221054393.jpg,IMG_20200222_221054393.jpg,0.9987941384315491,TomSa Ra !/ MHZGBA7672,0.6341420810887438,1250,1945,2085,2225,835,280
./input/Car_Number_Plate\IMG_20200222_221101393.jpg,IMG_20200222_221101393.jpg,0.8476338982582092,13 MH 01,0.9474727980796556,1130,1990,2145,2230,1015,240
./input/Car_Number_Plate\IMG_20200222_221111599.jpg,IMG_20200222_221111599.jpg,0.9999343156814575,MH 43 BN 5096,0.9723860778027301,1075,1740,2085,2005,1010,265
./input/Car_Number_Plate\IMG_20200222_221112941.jpg,IMG_20200222_221112941.jpg,0.9962162971496582,Không nhận diện,0.0,920,1580,2100,1895,1180,315
./input/Car_Number_Plate\IMG_20200222_221149671.jpg,IMG_20200222_221149671.jpg,0.9996330738067627,Không nhận diện,0.0,1100,2245,2175,2465,1075,220
./input/Car_Number_Plate\IMG_20200222_221156661.jpg,IMG_20200222_221156661.jpg,0.9997268915176392,MH 04 0B 5837,0.7854937754443005,1040,1535,2095,1785,1055,250
./input/Car_Number_Plate\IMG_20200222_221208536.jpg,IMG_20200222_221208536.jpg,0.9992977380752563,MII-()4-1BS-6181,0.4014788759206124,1055,2435,2025,2640,970,205
./input/Car_Number_Plate\IMG_20200222_221213922.jpg,IMG_20200222_221213922.jpg,0.9855387806892395,MH 46 Z 974,0.8172916997591808,1045,1785,2190,2095,1145,310
./input/Car_Number_Plate\IMG_20200222_221225377.jpg,IMG_20200222_221225377.jpg,0.9980529546737671,MH.43.AF.6609 NIKHIL AUTOMOBILES 40708988,0.7788215665585158,905,2015,1935,2255,1030,240
./input/Car_Number_Plate\IMG_20200222_221234900.jpg,IMG_20200222_221234900.jpg,0.9860299825668335,MH 43 R 7942,0.7936446859854451,995,1880,2150,2120,1155,240
./input/Car_Number_Plate\IMG_20200222_221246429.jpg,IMG_20200222_221246429.jpg,0.9998533725738525,IND MHO2CD7397 VELOX MOIORS 9171494949,0.6177614975003339,1155,2210,2075,2450,920,240
./input/Car_Number_Plate\IMG_20200222_221253077.jpg,IMG_20200222_221253077.jpg,0.9998129606246948,IND HH46800555],0.6930654301720729,1010,2020,2025,2280,1015,260
./input/Car_Number_Plate\IMG_20200222_221259543.jpg,IMG_20200222_221259543.jpg,0.9762614965438843,MH 02 [W 7591,0.7814502703757136,1070,2115,2115,2320,1045,205
./input/Car_Number_Plate\IMG_20200222_221307396.jpg,IMG_20200222_221307396.jpg,0.9936558604240417,MH 9087 02 BT,0.8425104060540326,1000,2305,2085,2590,1085,285
./input/Car_Number_Plate\IMG_20200222_221313130.jpg,IMG_20200222_221313130.jpg,0.9995325207710266,HH 02 BG 9951,0.6773334603589545,1220,2380,2105,2620,885,240
./input/Car_Number_Plate\IMG_20200222_221325082.jpg,IMG_20200222_221325082.jpg,0.9995388388633728,Không nhận diện,0.0,1250,1530,2070,1775,820,245
./input/Car_Number_Plate\IMG_20200222_221341745.jpg,IMG_20200222_221341745.jpg,0.9995438456535339,MH 43 N 4540,0.9951726907839358,1145,2050,1995,2255,850,205
./input/Car_Number_Plate\IMG_20200222_221356664.jpg,IMG_20200222_221356664.jpg,0.9974431395530701,MH43AJ9281,0.5562243174611993,1055,2025,2045,2275,990,250
./input/Car_Number_Plate\IMG_20200222_221415532.jpg,IMG_20200222_221415532.jpg,0.792570948600769,MH 43 AT 1284,0.7008148773769667,1060,1890,1920,2075,860,185
./input/Car_Number_Plate\IMG_20200222_221419295.jpg,IMG_20200222_221419295.jpg,0.7607467770576477,43 A1 1284,0.5339471086766818,1010,1845,2050,2045,1040,200
./input/Car_Number_Plate\IMG_20200222_221541641.jpg,IMG_20200222_221541641.jpg,0.9996165037155151,MH.43.AR.1982,0.722264243290579,1000,2015,2065,2265,1065,250
./input/Car_Number_Plate\IMG_20200222_221608021.jpg,IMG_20200222_221608021.jpg,0.9983229041099548,MH 43 AJ 6156 57a67999,0.7818388934082597,1155,2100,1910,2280,755,180
./input/Car_Number_Plate\IMG_20200222_221649770.jpg,IMG_20200222_221649770.jpg,0.9979357123374939,MH.43.AL' 7169,0.4862998721564939,1160,1975,2065,2215,905,240
./input/Car_Number_Plate\IMG_20200222_221656882.jpg,IMG_20200222_221656882.jpg,0.9995539784431458,MH 43 BK 9575,0.8568307955825473,1275,2425,2240,2650,965,225
./input/Car_Number_Plate\IMG_20200222_221705294.jpg,IMG_20200222_221705294.jpg,0.8859727382659912,Không nhận diện,0.0,1015,1920,2130,2205,1115,285
./input/Car_Number_Plate\IMG_20200222_221720479.jpg,IMG_20200222_221720479.jpg,0.51022869348526,Không nhận diện,0.0,710,2275,2365,2530,1655,255
./input/Car_Number_Plate\IMG_20200222_221733385.jpg,IMG_20200222_221733385.jpg,0.9998724460601807,INU MHZGBO1604,0.7261979577553723,1250,2385,2115,2635,865,250
./input/Car_Number_Plate\IMG_20200222_221748302.jpg,IMG_20200222_221748302.jpg,0.999681293964386,MHZ3AL6919,0.7289129896468379,1150,2170,2155,2435,1005,265
./input/Car_Number_Plate\IMG_20200222_222033829.jpg,IMG_20200222_222033829.jpg,0.9995636940002441,MH.43.N.6128,0.9079185493112356,975,1695,1875,1885,900,190
./input/Car_Number_Plate\IMG_20200222_222040166.jpg,IMG_20200222_222040166.jpg,0.6103730797767639,InD HH 43 AN1162,0.3666001207835793,985,1695,2110,1875,1125,180
./input/Car_Number_Plate\IMG_20200222_222046865.jpg,IMG_20200222_222046865.jpg,0.9857409596443176,MK.01.AR.7653,0.5122357443151885,895,2315,1845,2495,950,180
./input/Car_Number_Plate\IMG_20200222_222053266.jpg,IMG_20200222_222053266.jpg,0.9969043731689453,IND Mho3d61255,0.6569850890760798,1025,2345,2055,2545,1030,200
./input/Car_Number_Plate\IMG_20200222_222059123.jpg,IMG_20200222_222059123.jpg,0.9864076375961304,Không nhận diện,0.0,1015,2325,1915,2495,900,170
./input/Car_Number_Plate\IMG_20200222_222117928.jpg,IMG_20200222_222117928.jpg,0.9995335936546326,MH 43 R 5410,0.9637074607734412,1125,2495,2135,2705,1010,210
./input/Car_Number_Plate\IMG_20200222_222132164.jpg,IMG_20200222_222132164.jpg,0.9996699690818787,MHOIBG 9424,0.891005906277947,995,2400,2015,2635,1020,235
./input/Car_Number_Plate\IMG_20200222_222137010.jpg,IMG_20200222_222137010.jpg,0.9976382851600647,MH483258,0.565416823094879,1025,2440,2130,2640,1105,200
./input/Car_Number_Plate\IMG_20200222_222203666.jpg,IMG_20200222_222203666.jpg,0.9982364177703857,MH 43.V. 6918,0.4143057992645319,1010,2990,1995,3230,985,240
./input/Car_Number_Plate\IMG_20200222_222213205.jpg,IMG_20200222_222213205.jpg,0.9571285843849182,MH 08 2 7790,0.8587238912453257,1025,2290,2070,2515,1045,225
./input/Car_Number_Plate\IMG_20200222_222302757.jpg,IMG_20200222_222302757.jpg,0.9991025328636169,MH 43AT 4406,0.5825084440786229,1065,2280,1955,2475,890,195
./input/Car_Number_Plate\IMG_20200222_222321812.jpg,IMG_20200222_222321812.jpg,0.9954603314399719,MH /6N 6027,0.6079900812967702,1055,1900,1840,2065,785,165
./input/Car_Number_Plate\IMG_20200222_222357758.jpg,IMG_20200222_222357758.jpg,0.7239003777503967,Không nhận diện,0.0,1255,2270,1830,2415,575,145
./input/Car_Number_Plate\IMG_20200222_222414570.jpg,IMG_20200222_222414570.jpg,0.5135219693183899,MII.I2.LV,0.5379242658485072,1120,2185,2180,2360,1060,175
./input/Car_Number_Plate\IMG_20200222_222428605.jpg,IMG_20200222_222428605.jpg,0.9995883703231812,MH BN 6932 43,0.9976438890737368,1160,2730,2065,2950,905,220
./input/Car_Number_Plate\IMG_20200222_222434882.jpg,IMG_20200222_222434882.jpg,0.9995668530464172,43 BN 5255 MH,0.8164002677589915,1175,2970,2105,3220,930,250
./input/Car_Number_Plate\IMG_20200222_222522277.jpg,IMG_20200222_222522277.jpg,0.7806302309036255,HH 43 N 2252,0.7360382121533147,1060,2125,1870,2330,810,205
./input/Car_Number_Plate\IMG_20200222_222535821.jpg,IMG_20200222_222535821.jpg,0.884149968624115,AH04 FA 5832,0.4284719996892463,1270,2220,1900,2365,630,145
./input/Car_Number_Plate\IMG_20200222_222543130.jpg,IMG_20200222_222543130.jpg,0.9987635016441345,MH.09.BB.6246,0.9150713402835065,945,2425,2010,2660,1065,235
./input/Car_Number_Plate\IMG_20200222_222550111.jpg,IMG_20200222_222550111.jpg,0.8885951638221741,MH-43-R.3434,0.6438994899134136,720,2410,1970,2630,1250,220
./input/Car_Number_Plate\IMG_20200222_222724227.jpg,IMG_20200222_222724227.jpg,0.987561821937561,Không nhận diện,0.0,1030,1730,1855,1940,825,210
./input/Car_Number_Plate\IMG_20200222_222739434.jpg,IMG_20200222_222739434.jpg,0.9707903861999512,MH 06 AW 9528,0.9665397354251478,1175,1840,2230,2015,1055,175
./input/Car_Number_Plate\IMG_20200222_222753082.jpg,IMG_20200222_222753082.jpg,0.9772248268127441,MH 06 AN3427,0.6481272879516052,1095,1635,1920,1830,825,195
./input/Car_Number_Plate\IMG_20200222_222813888.jpg,IMG_20200222_222813888.jpg,0.9998270273208618,MHG2EUD892 Wo,0.597040981722962,1320,1595,1980,2070,660,475
./input/Car_Number_Plate\IMG_20200222_222823483.jpg,IMG_20200222_222823483.jpg,0.998914897441864,MH 43 AJ 9708 Navi Murbai Ksv 27731020,0.7539433343459386,605,2510,1725,2765,1120,255
./input/Car_Number_Plate\IMG_20200222_222846696.jpg,IMG_20200222_222846696.jpg,0.546057939529419,AJ 224 MH 43,0.9261594695674572,1515,1905,2300,2330,785,425
./input/Car_Number_Plate\IMG_20200222_222902158.jpg,IMG_20200222_222902158.jpg,0.9998403787612915,MH 03 CS 5843 Infinity Autolinks 42329191,0.8705221003028036,1145,1775,1950,1975,805,200
./input/Car_Number_Plate\IMG_20200222_222915806.jpg,IMG_20200222_222915806.jpg,0.8840078711509705,Không nhận diện,0.0,1200,1895,2035,2045,835,150
./input/Car_Number_Plate\IMG_20200222_222942498.jpg,IMG_20200222_222942498.jpg,0.9995220303535461,MH.43.X.8890,0.9206886984073632,1285,1865,2105,2145,820,280
./input/Car_Number_Plate\IMG_20200222_223005488.jpg,IMG_20200222_223005488.jpg,0.48597410321235657,9498 De 43 MH,0.6790042651821707,1160,2405,2265,2690,1105,285
./input/Car_Number_Plate\IMG_20200222_223125219.jpg,IMG_20200222_223125219.jpg,0.734102725982666,MH43 AT 4961,0.9959379248153912,960,2910,2125,3135,1165,225
./input/Car_Number_Plate\IMG_20200222_223417094.jpg,IMG_20200222_223417094.jpg,0.9999245405197144,HH 46 AL 4603,0.41053852346146874,2015,2085,2730,2285,715,200
./input/Car_Number_Plate\IMG_20200222_223430517.jpg,IMG_20200222_223430517.jpg,0.989471435546875,MH 43 V 6269,0.9899587227889521,1320,2215,2060,2395,740,180
./input/Car_Number_Plate\IMG_20200222_223442958.jpg,IMG_20200222_223442958.jpg,0.9997910261154175,Không nhận diện,0.0,1355,2105,1815,2245,460,140
./input/Car_Number_Plate\IMG_20200222_223738696.jpg,IMG_20200222_223738696.jpg,0.9997900724411011,MH43 BN 2197,0.7958406909774557,1045,2125,2110,2405,1065,280
./input/Car_Number_Plate\IMG_20200222_223828944.jpg,IMG_20200222_223828944.jpg,0.9992377758026123,MH10064252,0.37071461183275656,1200,1980,1830,2135,630,155
./input/Car_Number_Plate\IMG_20200222_223835875.jpg,IMG_20200222_223835875.jpg,0.9970731735229492,Không nhận diện,0.0,1270,2160,1855,2305,585,145
./input/Car_Number_Plate\IMG_20200222_223842494.jpg,IMG_20200222_223842494.jpg,0.9996752142906189,IND MHZ3ARGO33],0.3529913650148183,1015,2555,1675,2745,660,190
./input/Car_Number_Plate\IMG_20200222_223909.jpg,IMG_20200222_223909.jpg,0.9995060563087463,Không nhận diện,0.0,1125,2560,2295,2830,1170,270
./input/Car_Number_Plate\IMG_20200222_223911132.jpg,IMG_20200222_223911132.jpg,0.9997240900993347,Không nhận diện,0.0,640,2000,1410,2305,770,305
./input/Car_Number_Plate\IMG_20200222_223916856.jpg,IMG_20200222_223916856.jpg,0.9975888133049011,Không nhận diện,0.0,825,2680,1935,2970,1110,290
./input/Car_Number_Plate\IMG_20200222_223933702.jpg,IMG_20200222_223933702.jpg,0.9835270643234253,MH 4 BL,0.4975107751947403,1295,2380,2245,2610,950,230
./input/Car_Number_Plate\IMG_20200222_223952543.jpg,IMG_20200222_223952543.jpg,0.9932464957237244,MH.43.N.4954,0.7592225480065565,1205,2345,1745,2495,540,150
./input/Car_Number_Plate\IMG_20200222_224006045.jpg,IMG_20200222_224006045.jpg,0.9931767582893372,Không nhận diện,0.0,1030,2590,2040,2860,1010,270
./input/Car_Number_Plate\IMG_20200222_224017.jpg,IMG_20200222_224017.jpg,0.9994136095046997,MH 01 CD 844,0.6602153835308132,600,2890,1600,3360,1000,470
./input/Car_Number_Plate\IMG_20200222_224031264.jpg,IMG_20200222_224031264.jpg,0.9997892379760742,MHO6AW 6175,0.3786895984237904,1060,1740,2130,2000,1070,260
./input/Car_Number_Plate\IMG_20200222_224048.jpg,IMG_20200222_224048.jpg,0.9999008178710938,0641 BW 03 MH,0.9980683176039273,1280,3260,2470,3655,1190,395
./input/Car_Number_Plate\IMG_20200222_224055359.jpg,IMG_20200222_224055359.jpg,0.9998912811279297,d MH/3an2133,0.3849746989798618,1060,1925,1985,2165,925,240
./input/Car_Number_Plate\IMG_20200222_224103.jpg,IMG_20200222_224103.jpg,0.9997101426124573,45 LFH87,0.7355355195198854,1450,2210,2520,2545,1070,335
./input/Car_Number_Plate\IMG_20200222_224105422.jpg,IMG_20200222_224105422.jpg,0.9997796416282654,INU 136,0.7530385993401641,1330,1680,2115,1930,785,250
./input/Car_Number_Plate\IMG_20200222_224114055.jpg,IMG_20200222_224114055.jpg,0.5005107522010803,Không nhận diện,0.0,1435,1845,2280,2065,845,220
./input/Car_Number_Plate\IMG_20200222_224121.jpg,IMG_20200222_224121.jpg,0.9915193915367126,Không nhận diện,0.0,1360,2240,2695,2690,1335,450
./input/Car_Number_Plate\IMG_20200222_224127153.jpg,IMG_20200222_224127153.jpg,0.9987384080886841,MH.02.EE.8242,0.7272209792318536,1260,2485,2125,2705,865,220
./input/Car_Number_Plate\IMG_20200222_224208.jpg,IMG_20200222_224208.jpg,0.9994681477546692,1C03436 MHO,0.5085831417602247,1450,2225,2630,2600,1180,375
./input/Car_Number_Plate\IMG_20200222_224208882.jpg,IMG_20200222_224208882.jpg,0.9967809915542603,43 V MH 4 7660,0.8572184183964577,985,2035,1870,2340,885,305
./input/Car_Number_Plate\IMG_20200222_224224.jpg,IMG_20200222_224224.jpg,0.9960335493087769,Spectra MH 04 DW-8988,0.41852408733368673,1155,2115,2380,2465,1225,350
./input/Car_Number_Plate\IMG_20200222_224226992.jpg,IMG_20200222_224226992.jpg,0.9993094205856323,Mh 43 AT 5312,0.4338072786976598,1330,1925,2165,2110,835,185
./input/Car_Number_Plate\IMG_20200222_224233991.jpg,IMG_20200222_224233991.jpg,0.9933649897575378,MH 04 DJ 3638,0.9949117677216224,780,1735,1595,2040,815,305
./input/Car_Number_Plate\IMG_20200222_224248236.jpg,IMG_20200222_224248236.jpg,0.9935141801834106,KL'U7 BT-1206,0.5704357210166602,990,1830,1600,2200,610,370
./input/Car_Number_Plate\IMG_20200222_224257.jpg,IMG_20200222_224257.jpg,0.9977471232414246,Mh Menma 42777777,0.4670825339929811,830,2245,2180,2585,1350,340
./input/Car_Number_Plate\IMG_20200222_224306.jpg,IMG_20200222_224306.jpg,0.8012554049491882,7656',0.4059466295156604,555,2940,1515,3460,960,520
./input/Car_Number_Plate\IMG_20200222_224332869.jpg,IMG_20200222_224332869.jpg,0.999023973941803,01 543 AX Mh,0.7870539751630891,1410,2325,2220,2615,810,290
./input/Car_Number_Plate\IMG_20200222_224346762.jpg,IMG_20200222_224346762.jpg,0.9998531341552734,[NHO2BP2239,0.666050668381246,1190,1925,1980,2125,790,200
./input/Car_Number_Plate\IMG_20200222_224351774.jpg,IMG_20200222_224351774.jpg,0.9999126195907593,GJ.06.DQ.1872-,0.5556703426467019,980,2715,1815,2925,835,210
./input/Car_Number_Plate\IMG_20200222_224357661.jpg,IMG_20200222_224357661.jpg,0.9994416236877441,Không nhận diện,0.0,980,2265,1820,2555,840,290
./input/Car_Number_Plate\IMG_20200222_224403883.jpg,IMG_20200222_224403883.jpg,0.9992179870605469,HH 46 BE 5696,0.6495642553008867,775,2150,1815,2470,1040,320
./input/Car_Number_Plate\IMG_20200222_224404.jpg,IMG_20200222_224404.jpg,0.5814146995544434,Không nhận diện,0.0,790,2465,1815,2870,1025,405
./input/Car_Number_Plate\IMG_20200222_224413.jpg,IMG_20200222_224413.jpg,0.8522530794143677,MHo1D 4438,0.6801419542611735,625,2185,2065,2545,1440,360
./input/Car_Number_Plate\IMG_20200222_224426809.jpg,IMG_20200222_224426809.jpg,0.9890698790550232,Không nhận diện,0.0,1395,2205,2115,2400,720,195
./input/Car_Number_Plate\IMG_20200222_224439.jpg,IMG_20200222_224439.jpg,0.9926663637161255,"0069 MH.O4,EF",0.7433560858804286,715,3265,2045,3660,1330,395
./input/Car_Number_Plate\IMG_20200222_224448103.jpg,IMG_20200222_224448103.jpg,0.9999125003814697,MHZ3BN9366,0.7016062876992272,1320,2400,1980,2575,660,175
./input/Car_Number_Plate\IMG_20200222_224509.jpg,IMG_20200222_224509.jpg,0.8312448859214783,40 AW 4200,0.6755206279025033,815,3250,2145,3665,1330,415
./input/Car_Number_Plate\IMG_20200222_224524.jpg,IMG_20200222_224524.jpg,0.9998035430908203,MH 01 BF 521,0.9226215255410706,840,2605,2240,3025,1400,420
./input/Car_Number_Plate\IMG_20200222_224531.jpg,IMG_20200222_224531.jpg,0.9998244047164917,MHO1BU 2366,0.9452507884112364,685,2445,2160,2785,1475,340
./input/Car_Number_Plate\IMG_20200222_224542.jpg,IMG_20200222_224542.jpg,0.9996680617332458,MH12 GR 4628,0.9997875791358667,965,3075,2045,3375,1080,300
./input/Car_Number_Plate\IMG_20200222_224604.jpg,IMG_20200222_224604.jpg,0.9960998296737671,Không nhận diện,0.0,575,2150,1740,2520,1165,370
./input/Car_Number_Plate\IMG_20200222_224659.jpg,IMG_20200222_224659.jpg,0.9213988780975342,MHOICJ 3661,0.8037906999562711,1075,2450,2430,2830,1355,380
./input/Car_Number_Plate\IMG_20200222_224831.jpg,IMG_20200222_224831.jpg,0.9998328685760498,MH 7525 EF 04,0.999006624730972,1570,2645,2610,2955,1040,310
./input/Car_Number_Plate\IMG_20200222_224845.jpg,IMG_20200222_224845.jpg,0.998736560344696,4592 CP MHO1,0.8079999144826849,1430,2005,2490,2375,1060,370
./input/Car_Number_Plate\IMG_20200222_224906.jpg,IMG_20200222_224906.jpg,0.801116943359375,MHO1 AH 9551,0.8211162363003442,865,2135,1915,2510,1050,375
./input/Car_Number_Plate\IMG_20200222_224934.jpg,IMG_20200222_224934.jpg,0.9975135922431946,MHO4BN.1185,0.337014317551258,1235,3275,2565,3545,1330,270
./input/Car_Number_Plate\IMG_20200222_225114.jpg,IMG_20200222_225114.jpg,0.9996941685676575,MH.01.AR.2815,0.9801655731558843,1095,2815,2160,3035,1065,220
./input/Car_Number_Plate\IMG_20200222_225122.jpg,IMG_20200222_225122.jpg,0.9997846484184265,MH 02-DJ 6826,0.7830102456911425,940,2455,2065,2725,1125,270
./input/Car_Number_Plate\IMG_20200222_225139.jpg,IMG_20200222_225139.jpg,0.9998432397842407,MHO1BU4584,0.39136253213534844,855,2115,1825,2380,970,265
./input/Car_Number_Plate\IMG_20200222_225148.jpg,IMG_20200222_225148.jpg,0.99910968542099,01 MH AV 5238,0.8106211252709905,630,2170,1775,2580,1145,410
./input/Car_Number_Plate\IMG_20200222_225158.jpg,IMG_20200222_225158.jpg,0.9756544232368469,MHOI BY 1130,0.8272245875007328,605,3070,1880,3535,1275,465
./input/Car_Number_Plate\IMG_20200222_225215.jpg,IMG_20200222_225215.jpg,0.9966253638267517,MH 01 DB 0429,0.9684671276375872,1250,2955,2505,3260,1255,305
./input/Car_Number_Plate\IMG_20200222_225234.jpg,IMG_20200222_225234.jpg,0.8499761819839478,MH 01 BT 7607,0.9732445004863063,615,2470,2070,2805,1455,335
./input/Car_Number_Plate\IMG_20200222_225240.jpg,IMG_20200222_225240.jpg,0.9997672438621521,MH 43 X 4179,0.872701327873729,995,2270,2095,2600,1100,330
./input/Car_Number_Plate\IMG_20200222_225248.jpg,IMG_20200222_225248.jpg,0.9996547102928162,TN 09 0916 AR,0.9446360323758269,925,2125,1915,2430,990,305
./input/Car_Number_Plate\IMG_20200222_225257.jpg,IMG_20200222_225257.jpg,0.9963350296020508,HHGIAR5357 reladiecarz com,0.6158507245801664,820,2715,1900,3080,1080,365
./input/Car_Number_Plate\IMG_20200222_225309.jpg,IMG_20200222_225309.jpg,0.6401870250701904,MHOLCVỎ382,0.6550827378523638,865,2415,2345,2770,1480,355
./input/Car_Number_Plate\IMG_20200222_225315.jpg,IMG_20200222_225315.jpg,0.9997944831848145,MH 01U 9696,0.7016527198089311,1205,1735,2030,1945,825,210
./input/Car_Number_Plate\IMG_20200222_225340.jpg,IMG_20200222_225340.jpg,0.9998670816421509,MHO2 EZ 4141,0.9855916960722945,855,2345,2010,2705,1155,360
./input/Car_Number_Plate\IMG_20200222_225356.jpg,IMG_20200222_225356.jpg,0.9999490976333618,Không nhận diện,0.0,645,2395,1695,3025,1050,630
./input/Car_Number_Plate\IMG_20200222_225600.jpg,IMG_20200222_225600.jpg,0.9995930194854736,MH.04.AS.4519,0.9955284998207423,1070,2445,2270,2745,1200,300
./input/Car_Number_Plate\IMG_20200222_225635.jpg,IMG_20200222_225635.jpg,0.9995083212852478,MH 01 MA:5862,0.6292904835782964,870,2270,2100,2635,1230,365
./input/Car_Number_Plate\IMG_20200222_225657.jpg,IMG_20200222_225657.jpg,0.9994381070137024,MHC2BH9389,0.4985454147654078,1305,2495,2380,2805,1075,310
./input/Car_Number_Plate\IMG_20200222_225718.jpg,IMG_20200222_225718.jpg,0.9990450143814087,MH 01 BF 8502,0.9539069514093802,1040,3045,2240,3355,1200,310
./input/Car_Number_Plate\IMG_20200222_225749.jpg,IMG_20200222_225749.jpg,0.9997636675834656,Không nhận diện,0.0,1005,2795,2025,3030,1020,235
./input/Car_Number_Plate\IMG_20200222_225818.jpg,IMG_20200222_225818.jpg,0.9996271133422852,IND MHO1DK2052,0.8425001571796327,1105,2400,2385,2690,1280,290
./input/Car_Number_Plate\IMG_20200222_225825.jpg,IMG_20200222_225825.jpg,0.9997721910476685,Không nhận diện,0.0,1165,2995,2345,3295,1180,300
./input/Car_Number_Plate\IMG_20200222_225835.jpg,IMG_20200222_225835.jpg,0.9998040199279785,INU MHG1BB8966,0.622562797599918,1120,2150,2155,2440,1035,290
./input/Car_Number_Plate\IMG_20200222_225841.jpg,IMG_20200222_225841.jpg,0.9998729228973389,INt) RJ27CH9002,0.6037144608121989,1055,2780,2085,3075,1030,295
./input/Car_Number_Plate\IMG_20200222_230003.jpg,IMG_20200222_230003.jpg,0.9991235136985779,Không nhận diện,0.0,1140,2385,2230,2695,1090,310
./input/Car_Number_Plate\IMG_20200222_230018.jpg,IMG_20200222_230018.jpg,0.9997235536575317,HH 23 R 7803,0.30930015197088007,1270,1955,2305,2270,1035,315
./input/Car_Number_Plate\IMG_20200222_230108.jpg,IMG_20200222_230108.jpg,0.9984892010688782,40 HHO ZEX2083,0.47453472799643115,1000,2200,2335,2535,1335,335
./input/Car_Number_Plate\IMG_20200222_230123.jpg,IMG_20200222_230123.jpg,0.8150402903556824,MH OLAH 4481,0.6301841594238019,925,2705,2170,3020,1245,315
./input/Car_Number_Plate\IMG_20200222_231859.jpg,IMG_20200222_231859.jpg,0.996369481086731,MH.02.DG.8860,0.7675223517442314,1205,2375,2025,2525,820,150
./input/Car_Number_Plate\IMG_20200222_231925.jpg,IMG_20200222_231925.jpg,0.9998595714569092,MH 06 4F7587,0.5907110655687181,1005,2795,2015,3015,1010,220
./input/Car_Number_Plate\IMG_20200222_232208.jpg,IMG_20200222_232208.jpg,0.9997221231460571,MH O5 DS 7642,0.6908015291456251,1160,2760,1910,2980,750,220
./input/Car_Number_Plate\IMG_5160.jpg,IMG_5160.jpg,0.9992636442184448,Không nhận diện,0.0,195,190,380,230,185,40
./input/Car_Number_Plate\jupitor-plastics-edapally-ernakulam-car-number-plate-dealers-jubn7.jpg,jupitor-plastics-edapally-ernakulam-car-number-plate-dealers-jubn7.jpg,0.9977863430976868,KL 40 J 25 6 5,0.5557864004996471,650,610,1405,760,755,150
./input/Car_Number_Plate\nety.jpg,nety.jpg,0.9989002346992493,3AZ 5280,0.9449639403750778,490,565,840,660,350,95
./input/Car_Number_Plate\New-2015-Honda-Jazz-rear-2.jpg,New-2015-Honda-Jazz-rear-2.jpg,0.9996126890182495,UP 16 TC1730,0.7358891879044495,610,480,970,555,360,75
./input/Car_Number_Plate\New-Honda-Amaze24.jpg,New-Honda-Amaze24.jpg,0.9914517402648926,UP 16BY 1925,0.9692778802093299,220,130,410,170,190,40
./input/Car_Number_Plate\Skoda-Rapid-10.jpg,Skoda-Rapid-10.jpg,0.9992815256118774,MH2O BY 4463,0.462836238367399,420,285,730,345,310,60
./input/Car_Number_Plate\Skoda-Rapid-Photos-3.jpg,Skoda-Rapid-Photos-3.jpg,0.9723846912384033,MH20D.J0423,0.7078333797040447,290,210,480,250,190,40
./input/Car_Number_Plate\speedex-nuxycd.jpg,speedex-nuxycd.jpg,0.9066982269287109,KL 40 L 5577,0.5898502913143038,245,290,495,350,250,60
./input/Car_Number_Plate\WhatsApp Image 2020-02-23 at 12.23.26 AM.jpeg,WhatsApp Image 2020-02-23 at 12.23.26 AM.jpeg,0.7244580388069153,HH-BA 740,0.6081928482152763,755,335,890,370,135,35
./input/Car_Number_Plate\WhatsApp Image 2020-02-23 at 12.23.27 AM (1).jpeg,WhatsApp Image 2020-02-23 at 12.23.27 AM (1).jpeg,0.7176209688186646,KL54 A 2670,0.7184726751631952,410,475,655,530,245,55
